HomePlanet,CryoSleep,Cabin,Destination,Age,VIP
0,1,2784,2,27,0
0,0,1867,2,19,0
1,1,257,0,31,0
1,0,259,2,38,0
0,0,1940,2,20,0
0,0,2098,2,31,0
1,1,120,0,21,0
1,1,463,2,20,0
1,1,463,0,23,0
0,0,2099,0,24,0
0,0,2248,2,19,0
1,0,533,2,45,0
1,0,533,2,44,0
2,1,652,2,46,0
0,0,2853,2,21,0
0,0,1134,2,27,0
0,0,1134,2,20,0
1,1,59,2,44,0
1,0,2691,2,29,0
1,0,59,2,40,0
0,0,2932,2,30,0
0,0,653,2,14,0
1,1,211,0,31,0
1,0,211,0,27,0
1,0,211,0,66,0
0,0,2931,2,24,0
1,0,258,0,19,0
0,1,720,2,36,0
0,0,1202,2,21,0
0,1,3132,0,18,0
0,1,3193,2,26,0
0,0,2386,2,19,0
0,1,2463,2,48,0
0,0,3060,2,23,0
0,0,3131,2,24,0
0,0,796,2,19,0
2,1,1699,2,24,0
0,0,2316,2,27,0
0,1,2700,2,6,0
0,0,1709,2,33,0
0,0,1660,1,23,0
0,0,1717,1,30,0
0,0,2532,2,28,0
0,0,2532,2,1,0
0,0,1736,2,20,0
0,1,1750,2,17,0
0,0,1716,2,34,0
0,0,864,1,24,0
0,0,2605,2,29,0
0,0,1749,2,20,0
0,1,2682,0,5,0
1,1,227,0,22,0
1,0,227,2,16,0
0,1,2690,0,7,0
0,0,1765,0,36,0
2,0,614,0,26,0
0,0,1764,2,40,0
0,1,2750,2,29,0
2,1,1781,2,2,0
2,0,1781,2,23,0
2,0,1781,2,0,0
1,0,326,0,30,0
0,0,1024,2,56,0
1,1,236,2,36,0
1,1,236,2,56,0
0,0,1795,2,19,0
0,1,2726,1,39,0
2,0,1804,2,38,0
2,0,1812,2,28,0
1,0,0,2,35,0
0,0,1049,0,26,0
0,0,1805,2,31,0
0,0,1813,2,38,0
0,0,1822,0,27,0
2,1,1829,0,30,0
0,0,2777,2,22,0
1,1,440,2,29,0
0,1,2759,2,0,0
0,0,2759,0,8,0
0,1,2759,2,3,0
0,1,2759,2,27,0
0,0,2759,2,9,0
0,0,1859,1,29,0
0,0,1868,2,18,0
2,0,1034,2,22,0
2,0,1840,2,24,0
2,1,1846,0,25,0
0,0,1860,2,36,0
1,1,417,2,14,0
1,1,417,0,24,0
1,0,417,0,26,1
0,0,1885,1,29,0
0,0,2807,2,40,0
1,0,60,2,36,0
1,0,669,2,46,0
1,0,669,2,42,0
0,1,2815,2,23,0
0,0,2820,2,19,0
1,0,634,0,25,0
0,0,2691,2,22,0
1,1,212,2,35,0
1,0,212,0,39,0
1,1,212,0,42,0
1,0,212,2,35,0
0,1,1930,1,29,0
0,0,1930,2,20,0
0,1,2854,2,25,0
2,1,1950,2,36,0
2,0,633,2,39,0
1,1,645,0,23,0
1,1,645,0,19,0
0,0,2861,2,50,0
0,0,1922,1,41,0
2,0,1976,0,19,0
0,0,2847,2,20,0
1,1,220,0,19,0
1,1,220,2,38,0
1,0,220,0,32,0
2,0,668,2,44,0
2,0,1991,2,18,0
2,0,1996,2,49,0
2,0,674,0,23,0
0,0,2883,2,31,0
2,0,464,2,55,0
2,0,2012,2,60,0
2,1,2012,2,20,0
2,0,682,2,34,0
2,0,701,2,14,0
2,1,701,2,26,0
1,0,228,0,19,0
1,1,228,2,25,0
0,0,2031,0,42,0
0,0,1962,2,18,0
2,0,691,2,50,0
0,0,1981,2,26,0
1,1,2691,2,47,0
0,0,2066,1,35,0
2,0,1992,0,58,0
0,0,1997,0,20,0
1,0,469,2,28,0
0,1,2906,1,12,0
0,0,700,0,20,0
0,1,2919,2,22,0
0,0,2876,2,31,0
0,1,2942,1,24,0
2,0,707,2,17,0
2,1,2092,0,28,0
0,1,2691,0,18,0
0,0,2952,2,48,0
0,0,2106,2,38,0
1,1,83,0,33,0
0,1,2957,2,20,0
2,0,721,2,22,0
0,0,2136,2,52,0
0,0,2136,0,15,0
0,0,2136,2,25,0
0,1,2964,0,14,0
0,1,2964,0,28,0
0,0,2136,2,16,0
0,0,2964,2,48,0
0,0,2136,2,36,0
0,0,713,1,19,0
0,1,2979,1,43,0
1,1,447,2,32,0
1,0,447,0,54,0
1,0,22,2,33,0
1,1,22,2,21,0
1,0,22,2,33,0
1,1,22,0,28,0
1,0,22,2,23,0
1,0,22,2,26,0
2,1,2151,2,41,0
0,1,3001,2,2,0
0,1,3001,1,21,0
0,0,2164,1,70,0
0,0,2169,2,20,0
0,0,735,2,31,0
0,0,735,2,8,0
0,1,735,2,5,0
2,0,2180,2,45,0
2,0,2691,2,37,0
0,1,2943,2,24,0
1,0,470,0,55,0
0,0,2214,2,18,0
0,0,2691,2,36,0
2,0,477,2,59,0
0,1,3037,2,61,0
0,0,2980,0,46,0
2,0,2222,2,29,0
0,1,3044,2,18,0
1,1,260,2,20,0
2,0,2230,2,28,0
0,0,2100,2,26,0
0,0,2268,2,32,0
0,0,746,2,18,0
0,0,2273,2,50,0
0,0,3061,2,47,0
0,1,3061,1,15,0
0,1,3061,2,35,0
0,0,2282,2,49,0
1,0,273,0,32,0
0,0,3002,2,63,0
2,0,2122,2,54,0
0,0,2131,2,21,0
2,0,490,2,38,0
2,0,754,2,50,0
0,0,2185,1,32,0
1,1,308,0,33,0
1,0,505,2,30,0
0,1,3045,2,28,0
2,1,513,2,22,0
2,1,513,2,28,0
2,1,513,0,37,0
2,0,513,2,59,0
1,0,314,2,31,0
0,0,1068,2,25,0
1,0,290,2,38,0
1,1,290,0,37,0
1,1,94,0,44,0
1,1,520,2,28,0
1,0,520,2,45,0
2,1,1086,0,53,0
0,0,3098,0,21,0
2,1,800,2,33,0
2,1,1099,2,18,0
0,0,1106,1,37,0
2,0,514,2,34,0
0,1,3080,2,46,0
1,1,293,0,18,0
1,0,293,2,19,0
0,1,3085,2,4,0
0,1,3085,2,0,0
0,1,3085,2,12,0
0,0,3085,2,7,0
0,0,3085,2,34,0
0,0,3085,2,10,0
0,0,3110,0,0,0
0,1,3110,1,14,0
2,1,1114,2,27,0
0,0,1120,2,21,0
1,0,534,0,37,0
0,1,2691,2,29,0
0,0,3102,2,17,0
0,1,3123,2,17,0
1,0,3261,2,35,0
0,1,3133,2,34,0
1,0,126,2,17,0
1,0,126,0,39,0
1,1,126,0,56,0
1,0,133,0,35,0
1,1,133,2,17,0
0,0,822,1,29,0
2,0,2274,2,15,0
2,0,829,2,37,0
1,1,142,2,36,0
0,1,3162,2,36,0
1,0,327,2,18,0
2,0,1148,2,61,0
2,1,1154,2,45,0
2,1,1154,2,21,0
0,0,1059,2,65,0
2,0,1087,2,27,0
2,1,1087,2,13,0
2,0,2691,2,32,0
0,1,3156,2,17,0
0,0,3156,2,44,0
0,1,3181,2,21,0
0,0,1194,2,16,0
0,0,1214,2,41,0
0,1,3182,2,40,0
0,0,3207,2,16,0
0,0,1248,2,17,0
0,0,1135,2,40,0
0,1,3212,1,37,0
1,1,163,2,53,0
1,1,163,2,42,0
0,0,866,2,31,0
2,0,1276,2,18,0
2,0,1293,2,51,1
2,0,1293,2,20,0
2,0,1293,0,19,0
0,0,877,2,22,0
1,0,168,0,41,0
1,0,885,2,28,0
2,1,1141,0,0,0
2,1,1141,2,42,0
2,1,1141,0,20,0
1,1,149,0,25,0
1,1,149,2,22,0
1,0,544,2,25,1
2,0,550,2,45,0
0,0,1308,2,19,0
0,0,849,1,16,0
0,1,3241,2,18,0
1,1,575,2,38,0
1,1,575,0,27,0
2,0,585,0,36,0
2,0,585,2,21,0
0,0,3253,2,1,0
1,1,595,2,25,0
0,1,3232,1,3,0
0,0,3232,2,7,0
0,0,3232,2,0,0
0,0,1174,2,32,0
0,0,3232,0,5,0
0,0,2317,2,79,0
0,0,1351,2,19,0
0,1,2318,2,30,0
0,0,1195,2,13,0
2,0,598,2,53,0
2,0,865,2,40,0
2,0,865,2,32,0
0,1,2341,0,31,0
0,0,918,2,63,0
2,0,1203,2,18,0
0,1,2359,2,21,0
0,0,1227,2,14,0
0,1,2348,1,41,0
0,1,2360,0,40,0
0,0,1234,2,58,0
0,0,1422,2,22,0
0,1,2373,0,13,0
1,1,183,2,16,0
1,1,183,0,13,0
2,0,1256,2,15,0
2,0,950,2,42,0
1,1,193,2,24,0
1,0,193,0,19,0
1,1,193,2,28,0
1,1,193,2,29,0
1,0,193,2,15,0
1,0,193,2,38,0
1,1,193,0,49,0
2,1,1266,2,20,0
2,0,961,2,28,0
2,0,576,2,19,0
0,0,1277,2,46,0
2,0,1440,2,21,0
0,0,1286,0,29,0
0,1,2387,1,28,0
0,0,1318,2,44,0
0,0,1326,2,19,0
0,0,1326,2,29,0
2,0,1469,2,25,0
0,0,2691,2,41,0
0,0,1335,0,19,0
2,0,982,2,33,0
2,1,1343,2,25,0
1,1,164,0,44,0
0,0,905,2,21,0
2,0,1493,2,32,0
2,1,1352,2,33,0
2,0,1352,2,32,0
2,1,1504,2,19,0
2,1,1368,2,21,0
0,1,2413,2,23,0
1,0,605,0,31,0
1,0,382,2,22,0
1,1,2691,0,74,0
1,0,382,2,53,0
1,1,357,0,40,0
1,0,357,0,23,0
1,1,357,2,36,0
0,0,1513,2,18,0
1,1,391,2,29,0
1,0,391,2,48,0
2,1,988,2,34,0
1,0,368,2,34,0
1,0,201,0,27,0
1,0,201,2,44,0
1,0,400,2,0,0
1,1,400,2,1,0
1,1,400,2,18,0
1,0,400,2,23,0
1,0,400,2,26,0
1,1,400,0,46,0
1,1,404,2,41,0
1,0,404,0,25,0
2,1,586,2,50,0
0,0,1541,2,28,0
0,1,2429,1,17,0
1,0,412,0,29,1
2,1,1563,2,19,0
0,0,2444,0,34,0
1,1,375,0,28,0
2,0,1436,2,47,0
2,0,1572,2,28,0
2,1,1009,2,38,0
2,0,1456,2,22,1
2,0,1470,0,18,0
1,0,40,2,21,0
1,0,40,2,40,0
1,1,40,0,67,0
0,0,1599,1,39,0
0,1,2477,1,19,0
1,1,607,2,28,0
1,0,607,0,29,0
2,1,914,2,22,0
2,0,609,2,23,0
0,0,1616,1,41,0
2,1,917,2,25,0
0,1,2491,1,43,0
2,1,1026,2,54,0
0,0,1518,2,14,0
1,1,599,2,69,0
0,1,2505,1,24,0
1,0,202,2,37,0
0,0,1640,2,28,0
1,0,205,0,59,0
2,0,610,2,20,0
2,1,1646,2,23,0
0,0,2518,2,59,0
0,1,2499,2,20,0
2,0,604,2,36,0
2,1,1527,2,43,0
2,1,1527,2,9,0
2,1,1650,2,32,0
0,0,1027,2,24,0
2,1,941,1,14,0
2,1,941,2,45,0
0,0,2546,2,23,0
0,0,2517,2,59,0
0,0,2691,2,28,0
2,0,1670,2,61,0
2,1,1670,2,52,0
2,1,1670,2,5,0
1,0,399,2,51,0
1,0,399,2,26,0
2,0,611,2,44,0
2,0,1672,2,46,0
2,0,606,2,32,0
1,1,415,2,17,0
1,1,415,0,21,0
1,1,415,0,52,0
1,1,416,0,52,0
0,0,1679,2,14,0
0,0,1685,2,21,0
1,1,209,0,42,0
1,1,209,2,28,0
0,1,2542,1,26,0
0,1,2575,2,7,0
2,0,1578,2,14,0
2,1,1578,2,3,0
2,1,1578,2,26,0
1,0,1028,0,54,0
0,0,2545,2,55,0
2,0,1029,2,16,0
1,0,411,2,38,0
0,0,2617,2,48,0
0,0,2624,0,13,0
0,0,1593,2,20,0
2,1,960,2,18,0
2,1,1703,2,45,0
2,1,1703,2,5,0
2,0,1703,0,42,0
2,0,1033,0,50,0
2,0,1607,2,21,0
0,0,2598,2,22,0
2,1,1617,2,23,0
0,0,1704,1,22,0
0,0,1631,2,21,0
0,0,1035,1,24,0
0,0,1641,2,24,0
1,1,608,2,42,0
0,0,1661,2,19,0
0,0,2636,2,32,0
0,0,987,2,35,0
0,1,2661,1,19,0
0,0,1666,2,55,0
0,0,2668,2,35,0
0,1,2668,2,63,0
1,0,210,2,66,0
1,1,210,0,45,0
0,0,1706,1,20,0
0,1,2660,1,21,0
0,0,2660,2,51,0
0,0,2685,2,13,0
0,0,2687,2,24,0
2,0,1707,2,28,0
2,1,1692,2,52,0
1,0,6,0,32,0
0,0,1700,2,23,0
2,1,1701,2,37,0
0,1,2692,1,35,0
0,1,2693,2,46,0
0,0,1702,2,33,0
1,0,47,0,34,1
0,0,2695,2,51,0
0,1,2686,2,28,0
0,0,2688,2,27,0
1,1,418,0,22,0
1,1,418,0,33,0
1,1,419,0,31,0
0,0,1018,2,16,0
0,0,2689,0,6,0
0,0,1705,1,18,0
1,1,615,0,30,0
0,0,1719,2,24,0
0,1,2691,1,57,0
0,1,2691,2,24,0
0,0,2691,2,23,0
0,0,2691,2,40,0
0,0,2691,0,21,0
0,0,2691,2,17,0
0,1,2691,0,25,0
0,1,2691,2,34,0
0,0,2698,2,18,0
0,0,1038,2,8,0
0,1,1038,1,14,0
0,0,2694,2,16,0
2,0,1720,2,22,0
1,1,214,2,21,0
1,0,214,0,23,0
0,1,2696,0,26,0
2,0,612,2,18,0
0,0,2702,2,72,0
2,0,1723,2,18,0
1,1,420,0,24,0
2,0,1708,2,36,0
2,1,1708,2,13,0
0,0,1710,2,19,0
0,0,1711,1,28,0
0,1,2704,0,2,0
0,1,2704,2,5,0
0,0,1039,0,25,0
1,0,421,2,45,0
1,1,421,2,59,0
1,0,421,2,6,0
1,0,421,2,36,0
1,0,421,2,40,0
2,0,1712,2,36,1
2,1,1712,2,31,0
0,0,2697,1,19,0
0,1,2699,2,13,0
1,1,422,2,31,0
0,1,422,2,22,0
1,0,422,0,52,0
0,0,1724,2,22,0
0,1,2701,2,34,0
2,1,1713,2,23,0
1,1,213,0,14,0
1,1,213,2,30,0
1,1,215,0,75,0
1,0,216,2,28,0
1,0,2691,0,61,0
1,0,216,2,25,0
1,0,216,0,21,0
1,0,1040,2,28,0
1,0,7,0,28,1
1,0,1030,2,41,0
0,1,2703,1,25,0
0,0,1714,0,28,0
2,0,1725,2,0,0
2,0,1725,2,19,0
2,0,1031,2,22,0
2,0,1725,2,2,0
0,0,2706,0,35,0
0,0,1715,2,42,0
2,1,1032,2,46,0
2,1,1032,2,26,0
0,1,2707,1,19,0
0,0,2707,2,11,0
0,1,2707,1,11,0
2,0,1728,2,17,0
0,0,1718,2,23,0
0,0,1043,2,37,0
2,1,1721,2,18,0
2,0,1044,2,48,0
0,0,1722,2,18,0
1,1,423,2,18,0
1,0,423,2,32,1
1,1,423,0,26,0
1,1,424,1,26,0
0,0,424,0,55,0
0,0,2705,0,19,0
2,0,613,2,65,0
2,0,1730,2,28,0
2,0,1730,2,24,0
1,1,426,0,52,0
1,0,616,2,67,0
1,0,616,2,34,0
2,0,1036,2,23,0
0,0,1037,2,26,0
0,0,1726,2,28,0
0,0,2708,2,9,0
0,0,2708,0,1,0
0,1,2708,2,1,0
0,0,1045,2,58,0
1,0,425,2,59,0
1,0,425,2,54,0
1,0,617,0,8,0
1,1,617,2,28,0
1,0,223,0,19,0
1,1,223,0,23,0
2,1,1727,2,47,0
2,0,618,2,17,0
2,1,1729,2,33,0
2,1,1729,2,43,0
1,1,1048,2,28,0
0,0,1732,2,32,0
0,0,1733,2,13,0
2,1,1734,2,18,0
0,1,2711,2,16,0
2,1,1737,2,6,0
0,0,1738,2,27,0
2,1,619,2,29,0
0,0,1051,0,32,0
0,0,1052,2,23,0
1,1,428,2,33,0
1,1,428,2,51,0
1,0,428,2,41,0
1,0,428,2,20,0
0,0,2709,0,0,0
0,0,1739,0,13,0
0,1,2710,2,13,0
2,0,1731,2,13,0
2,1,1741,0,24,0
1,0,224,0,28,0
0,0,2712,0,32,0
0,0,1744,2,24,0
2,0,1054,2,27,0
0,0,1746,2,24,0
2,0,1735,2,34,0
0,0,1751,1,26,0
0,0,1752,2,22,0
0,0,2714,2,10,0
0,0,2716,2,28,0
0,1,2716,2,5,0
0,1,2716,2,28,0
0,0,1740,2,29,0
0,0,1742,2,17,0
0,0,1041,2,18,0
0,0,1743,1,35,0
0,0,2717,2,42,0
2,1,1745,0,35,0
1,0,4,2,42,0
1,0,4,2,33,0
0,1,2713,1,20,0
0,1,2713,2,2,0
0,1,2713,2,2,0
2,1,1055,2,43,0
2,1,1747,2,10,0
2,0,1747,2,26,0
2,0,1055,2,42,0
0,1,2715,2,24,0
2,0,1756,2,32,0
0,0,1757,2,23,0
1,1,427,0,28,0
1,1,427,2,15,0
0,1,2719,2,15,0
0,0,2721,2,28,0
0,1,2721,2,15,0
0,0,2721,0,13,0
1,0,5,2,33,0
1,0,5,2,47,0
1,0,5,0,27,0
0,0,1748,1,18,0
0,0,2718,2,10,0
0,1,2723,2,40,0
0,1,2723,0,28,0
2,0,1753,0,23,0
2,0,1056,2,23,0
2,1,1753,0,41,0
2,0,620,2,20,0
2,1,1753,2,29,0
2,1,1753,2,17,0
2,0,1753,2,21,0
2,1,1758,2,25,0
2,0,1042,2,25,0
0,0,2720,2,28,0
2,1,1754,2,24,0
2,0,655,2,56,0
0,0,2722,2,36,0
0,0,1755,1,20,0
0,0,1755,2,50,0
0,1,2724,1,29,0
0,0,1759,2,34,0
0,1,2725,1,40,0
0,0,2725,2,20,0
0,1,2727,2,36,0
0,0,657,2,25,0
1,1,226,0,25,1
0,1,2728,1,17,0
1,0,217,2,42,0
0,1,2729,1,47,0
0,0,1761,2,23,0
2,0,1046,2,28,0
2,0,621,2,39,1
2,1,658,2,43,0
0,0,1047,2,23,0
0,0,1766,2,46,0
1,1,9,0,31,0
1,0,9,2,37,0
1,0,9,0,48,0
2,0,1760,2,28,0
2,0,1762,2,38,0
2,0,623,2,31,0
0,0,1763,2,35,0
0,0,2731,1,28,0
0,0,1769,2,29,0
0,0,2733,2,19,0
0,0,2736,2,28,0
2,0,1050,2,44,0
0,0,2730,2,59,0
0,0,1767,0,23,0
0,0,2738,1,48,0
0,1,2732,2,49,0
0,0,2741,2,15,0
2,0,1768,2,30,0
2,0,1768,2,20,0
0,1,2743,2,20,0
0,0,2734,2,6,0
0,1,2734,2,1,0
0,0,2691,2,1,0
0,0,2734,2,2,0
0,1,2734,2,8,0
0,1,2744,1,29,0
0,0,1771,2,43,0
0,0,2745,2,73,0
0,0,1773,2,48,0
0,0,2735,0,24,0
1,0,218,2,20,0
1,0,218,2,17,0
0,1,2746,2,42,0
2,1,1770,2,22,0
0,0,1053,1,54,0
0,1,2737,2,41,0
0,1,2748,1,0,0
0,0,2748,2,20,0
1,0,430,0,54,0
1,0,430,0,73,0
0,0,1772,0,17,0
0,0,2691,2,21,0
0,1,2751,0,60,0
0,1,2753,2,50,0
2,1,1776,2,17,0
2,1,1776,2,18,0
0,0,429,0,25,0
1,0,429,0,57,1
1,1,429,0,46,0
1,1,429,2,71,0
0,0,1778,2,21,0
2,0,1780,2,38,0
0,0,1774,2,23,0
2,0,1775,2,24,0
0,1,2739,1,25,0
0,1,2740,1,35,0
0,0,2742,1,21,0
0,0,1777,2,22,0
1,0,219,0,60,0
1,0,219,2,29,0
0,0,662,2,49,0
2,1,1779,2,27,0
0,0,1782,2,23,0
2,0,663,2,23,0
2,0,625,2,33,0
0,0,1783,1,35,0
1,0,231,2,27,0
2,0,1785,2,44,0
2,0,622,0,18,0
0,1,2747,0,31,0
0,0,2749,2,21,0
2,1,1784,2,27,0
0,0,1784,2,36,0
0,1,2757,1,33,0
0,0,1786,2,30,0
0,1,2752,2,29,0
1,0,232,0,32,0
1,1,221,0,31,0
1,1,221,2,27,0
1,1,233,0,25,0
1,1,222,0,38,0
0,0,1787,2,47,0
0,0,2754,2,24,0
0,1,2755,2,46,0
0,1,2756,2,16,0
0,0,1789,2,30,0
0,0,2760,2,0,0
2,1,1788,2,60,0
1,0,431,2,50,0
0,1,2758,1,37,0
0,1,2758,0,27,0
2,0,1790,2,29,0
1,0,235,2,28,0
1,0,235,2,22,0
2,0,1792,2,28,0
2,0,654,2,28,0
0,0,665,2,14,0
0,0,1793,2,28,0
0,1,2763,1,20,0
2,0,666,2,19,0
2,0,624,0,14,0
0,1,2765,2,69,0
1,0,433,2,26,0
1,0,238,0,25,0
2,0,627,2,36,0
0,1,2761,2,34,0
1,0,240,2,4,0
1,0,240,2,1,0
1,1,240,2,24,0
1,0,240,2,21,0
1,1,240,2,25,0
1,1,240,0,44,0
0,0,2762,2,22,0
2,1,1801,2,64,0
1,0,656,2,32,0
0,0,2766,2,42,0
1,1,670,2,29,0
0,1,2764,1,4,0
0,0,671,2,17,0
0,0,1802,2,21,0
1,1,432,2,52,0
1,1,432,2,29,0
0,0,1791,2,35,0
2,1,1794,0,23,0
0,0,1796,2,27,0
0,1,2767,2,8,0
1,0,436,2,20,0
1,1,436,0,16,0
0,0,673,2,35,0
2,0,1807,2,44,0
0,0,1809,2,19,0
1,1,438,2,2,0
1,0,438,2,30,0
1,0,438,2,28,0
0,1,2691,2,44,0
0,0,1797,2,20,0
0,1,2768,2,22,0
0,0,1798,2,14,0
0,0,1811,2,20,0
0,0,1799,2,45,0
0,0,1800,0,19,0
2,0,2691,2,42,0
0,0,1814,2,23,0
0,0,2769,2,43,0
2,0,1803,2,20,0
2,1,1803,2,11,0
2,0,1803,2,20,0
0,1,2770,2,21,0
0,0,1806,2,17,0
0,0,2772,2,32,0
0,0,2773,2,24,0
0,1,2773,2,4,0
0,0,2773,2,4,0
0,0,1818,1,36,0
2,0,628,2,27,0
0,1,2776,2,46,0
2,1,1808,0,24,0
2,0,1808,2,3,0
0,0,1820,0,21,0
0,0,676,2,42,0
2,1,1810,2,26,0
0,1,2778,2,38,0
0,0,1815,0,36,0
1,0,225,0,28,0
1,1,225,2,62,0
0,0,1823,2,22,0
0,0,2779,2,18,0
0,0,2780,2,12,0
0,0,1816,2,32,0
0,0,2771,2,11,0
0,1,2781,2,47,0
0,1,2781,2,48,0
2,1,1824,0,38,0
2,1,1824,2,19,0
2,0,680,2,22,0
2,0,1817,2,21,0
0,0,1825,0,37,0
0,0,659,0,28,0
0,0,1819,2,15,0
0,0,1819,2,57,0
0,1,2783,2,22,0
0,0,2774,0,22,0
0,1,2774,1,29,0
0,0,2774,2,0,0
2,1,1821,2,44,0
0,0,1827,2,22,0
2,1,660,2,25,0
0,0,2785,2,64,0
0,0,1830,2,21,0
0,0,661,2,35,0
0,1,2775,1,15,0
0,0,1826,2,48,0
1,1,242,2,22,0
1,1,242,2,42,0
1,1,243,0,13,0
2,1,1833,2,35,0
2,0,1835,2,27,0
0,1,2786,0,21,0
2,0,626,2,22,0
1,0,439,2,33,0
1,0,244,0,25,0
1,1,244,2,37,0
1,1,246,0,36,0
1,0,246,0,47,0
1,1,246,2,34,0
1,1,246,0,29,0
1,0,434,0,39,0
0,0,1839,0,27,0
0,0,2789,0,35,0
0,0,2789,2,0,0
1,1,435,0,33,0
2,0,1842,2,24,0
2,0,1828,2,19,0
2,0,630,2,33,0
0,0,1831,2,19,0
2,1,664,2,16,0
0,0,2782,2,47,0
2,1,1832,2,40,0
2,1,1845,2,19,0
2,0,1834,2,27,0
1,0,684,2,31,0
0,0,1847,2,24,0
1,0,8,0,31,0
1,1,437,1,41,0
1,1,437,2,16,0
1,0,437,2,27,0
2,0,1836,2,11,0
2,0,1836,0,28,0
2,0,1836,2,51,0
2,0,1836,2,1,0
0,0,2792,2,56,0
2,0,1848,2,28,0
2,1,1848,2,57,0
2,1,1848,2,13,0
0,1,2787,1,32,0
0,0,1837,1,28,0
0,0,2788,2,12,0
2,0,1849,1,35,0
2,0,1849,2,33,1
0,1,2793,1,14,0
0,0,2790,2,26,0
0,0,1851,0,25,0
0,0,1838,2,27,0
0,0,1852,2,23,0
2,0,667,2,45,0
0,0,1841,0,50,0
0,0,2791,2,24,0
1,0,247,2,54,0
1,1,247,0,19,0
0,0,1843,2,19,0
1,1,632,0,28,0
1,0,632,0,28,0
2,0,1855,0,39,0
0,0,1857,2,20,0
0,0,2795,2,30,0
0,1,2797,2,35,0
1,0,248,0,36,0
0,0,1861,2,33,0
2,0,672,2,30,0
0,0,686,2,25,0
2,1,1844,2,45,0
0,0,2794,2,23,0
0,1,2801,0,51,0
2,1,1863,2,31,0
2,1,1863,0,55,0
0,0,1850,1,24,0
2,1,1853,2,57,0
2,1,687,2,24,0
0,0,1854,2,44,0
0,0,2796,2,0,0
0,0,1864,2,15,0
1,1,689,2,49,0
2,1,1856,2,24,0
2,0,1856,2,47,0
2,0,690,2,26,0
2,0,1858,2,28,0
0,1,2798,2,4,0
1,0,445,2,30,0
0,1,2799,2,23,0
0,0,2800,2,23,0
0,1,2800,2,4,0
0,1,2800,2,3,0
1,0,251,0,42,1
0,0,1870,2,22,0
0,0,2802,2,21,0
0,0,1862,0,28,0
2,0,629,2,35,0
2,1,1871,2,20,0
0,1,2804,1,22,0
0,0,2804,2,30,0
0,0,2804,2,0,0
1,1,229,2,22,0
1,0,229,2,15,0
2,0,1874,2,4,0
2,1,1874,2,19,0
2,1,1874,2,29,0
0,1,2803,2,17,0
0,0,1876,0,21,0
0,1,2805,1,20,0
0,0,2806,2,24,0
0,1,2809,1,6,0
0,0,2809,1,9,0
0,0,2809,2,21,0
0,1,2809,2,46,0
0,0,1878,2,20,0
2,0,1865,0,27,0
2,1,1879,2,23,0
1,1,441,2,28,0
1,0,441,0,53,0
1,0,441,2,41,0
1,0,441,0,32,0
1,0,441,2,27,0
0,0,1866,2,31,0
0,0,692,2,20,0
0,0,1869,2,19,0
2,1,1872,2,55,0
0,0,1873,2,35,0
2,1,1875,2,70,0
0,0,2808,0,22,0
0,0,1877,2,46,0
0,0,1877,2,16,0
0,0,2812,2,14,0
0,0,2810,2,13,0
0,1,2813,0,44,0
0,0,1880,2,15,0
0,0,2811,2,32,0
1,0,442,0,26,0
1,0,442,2,42,0
0,1,2814,2,44,0
0,1,2691,2,15,0
0,0,2816,2,35,0
0,1,2816,2,35,0
0,0,693,1,24,0
0,1,2817,1,19,0
1,0,230,2,37,0
1,1,230,0,31,0
0,1,2818,2,39,0
0,0,1883,2,35,0
0,0,1881,2,26,0
2,0,2691,2,26,0
2,1,1884,0,0,0
2,1,1884,2,8,0
0,0,1882,2,44,0
0,0,1886,2,20,0
0,0,2821,2,56,0
0,0,1887,2,31,0
0,0,1888,0,16,0
0,1,2823,1,29,0
0,0,2819,2,22,0
0,0,1889,2,39,0
1,1,448,0,25,0
1,0,448,2,43,0
1,1,449,0,37,0
0,0,2822,1,24,0
0,0,2824,0,53,0
0,0,2691,0,19,0
2,0,1893,2,24,0
2,0,675,2,31,0
0,0,677,2,27,0
0,0,1895,1,57,0
1,0,3262,2,26,0
0,0,678,2,15,0
2,1,1897,2,19,0
0,0,2825,1,27,0
2,1,1890,2,23,0
0,1,2826,2,6,0
0,0,695,2,15,0
0,1,2827,0,2,0
0,0,1899,2,21,0
0,0,2827,2,0,0
0,1,2828,0,18,0
0,0,1891,2,46,0
0,1,10,0,43,0
1,1,10,2,45,1
1,0,443,0,40,0
1,0,443,2,44,0
0,0,1901,0,27,0
0,0,1903,2,55,0
0,0,679,2,24,0
0,0,1904,2,27,0
1,0,444,0,33,0
1,1,444,0,35,0
1,1,631,2,33,0
0,0,1892,2,34,0
1,0,446,0,37,0
0,1,2829,2,46,0
0,0,1894,2,45,0
0,0,1908,2,14,0
0,0,2830,1,28,0
0,0,2833,2,56,0
0,1,2831,1,24,0
0,1,2832,1,19,0
2,1,1896,2,51,0
1,0,450,0,24,0
0,0,1898,2,23,0
0,1,2834,2,21,0
0,1,697,2,6,0
0,0,697,2,11,0
0,0,697,2,4,0
0,0,697,2,0,0
0,1,697,2,7,0
0,0,698,2,24,0
0,0,1900,2,32,0
0,0,1902,2,43,0
0,1,2835,2,24,0
0,0,1913,2,49,0
0,0,1914,1,21,0
1,1,2691,0,29,0
0,0,2837,2,25,0
0,1,2838,1,27,0
0,1,2836,1,14,0
0,0,2839,2,67,0
1,1,234,0,17,0
1,0,234,2,44,0
0,0,237,0,52,0
1,1,237,0,14,0
0,0,1917,2,17,0
2,0,681,2,19,0
2,0,1918,2,36,0
2,1,1918,0,19,0
2,0,635,2,25,0
2,0,1920,2,39,0
2,0,1905,0,32,0
2,0,1906,2,75,0
1,1,637,2,37,0
1,1,637,0,25,0
1,0,637,2,33,0
1,0,637,0,25,0
0,0,2840,2,24,0
0,0,1923,2,22,0
0,0,683,2,22,0
0,1,2842,2,36,0
0,1,2842,2,4,0
0,0,2842,2,61,0
0,0,2842,2,0,0
0,0,1926,2,15,0
2,0,1927,2,42,0
2,0,699,2,27,0
2,1,1907,2,5,0
1,0,13,2,32,0
1,1,13,0,38,0
0,1,2841,1,21,0
0,0,2843,1,23,0
0,0,2843,2,34,0
2,1,1929,2,28,0
0,0,2844,2,23,0
0,1,2844,2,14,0
0,0,1909,2,60,0
0,1,2845,1,78,0
0,1,2845,0,6,0
0,0,1910,0,17,0
0,0,1932,0,41,0
0,0,1911,1,40,0
1,0,451,0,47,0
0,0,2846,2,23,0
0,0,1934,2,41,0
0,0,685,2,60,0
0,0,2848,2,46,0
1,0,254,0,19,0
1,1,254,0,18,0
0,1,2850,2,0,0
0,0,2850,1,28,0
0,0,1936,2,30,0
0,0,2850,0,9,0
0,1,2691,2,0,0
0,1,2850,2,4,0
0,0,1938,1,22,0
0,1,2849,2,32,0
0,0,2849,2,7,0
0,0,2849,2,19,0
0,1,2851,2,34,0
0,0,1941,2,24,0
0,0,1943,2,17,0
0,0,2852,2,31,0
0,0,1912,2,42,0
1,1,239,0,14,0
1,1,239,0,27,0
0,0,1948,2,21,0
0,1,2856,0,24,0
2,0,688,2,34,0
2,0,639,0,35,0
1,1,704,0,43,0
2,1,1915,2,25,0
2,0,1915,2,19,0
0,0,1916,2,25,0
0,1,2855,0,22,0
0,0,2691,2,23,0
1,0,641,0,42,0
1,0,641,0,40,0
2,1,1919,2,71,0
2,0,1919,2,18,0
2,0,705,2,34,1
2,0,1952,2,4,0
2,1,1952,2,18,0
2,0,636,2,22,0
0,0,1921,2,38,0
1,0,452,0,33,0
1,0,452,1,27,1
1,1,256,2,18,0
1,0,256,0,34,0
0,0,2857,0,66,0
1,1,454,2,47,0
0,0,1924,2,35,0
0,1,2858,2,23,0
0,0,1953,2,36,0
0,0,2691,2,36,0
2,1,1925,2,35,0
0,0,1928,2,15,0
1,0,453,2,39,1
0,0,2859,0,48,0
2,1,1931,2,47,0
1,1,241,0,21,0
1,1,241,2,31,0
0,0,2691,2,13,0
0,0,1956,2,32,0
0,0,1933,1,22,0
2,1,1957,0,40,0
0,1,2860,2,15,0
0,0,2862,2,33,0
2,1,708,2,28,0
2,1,1935,2,17,0
0,0,1937,2,20,0
0,0,1960,2,42,0
0,1,2864,2,18,0
2,0,1961,0,27,0
2,1,1939,2,32,0
0,1,2863,2,19,0
0,1,2863,2,9,0
2,0,1963,2,36,0
0,1,2867,2,21,0
1,1,245,2,40,0
0,1,2869,2,42,0
2,1,1965,2,40,0
2,1,1965,2,22,0
2,0,694,2,15,0
0,1,2865,2,38,0
0,0,1942,0,15,0
0,1,2871,1,24,0
0,1,2866,2,22,0
0,0,1944,2,24,0
0,0,2868,2,25,0
0,0,1967,2,22,0
0,0,1968,2,57,0
2,0,1945,2,25,0
0,0,1969,2,21,0
0,1,2872,0,41,0
1,0,457,0,27,0
0,0,1946,2,18,0
0,0,1947,2,61,0
0,1,2870,2,9,0
0,0,2870,2,1,0
0,0,1972,2,27,0
0,0,2691,2,20,0
0,1,2875,1,2,0
0,0,2875,2,0,0
2,1,1949,2,25,0
0,0,1951,2,22,0
2,0,1973,2,32,1
2,0,644,2,28,0
1,1,459,2,43,0
1,0,455,0,28,0
1,1,62,0,32,0
1,0,62,2,54,0
1,0,62,2,27,0
1,1,62,2,30,0
1,1,62,0,25,0
2,0,1978,2,39,0
0,0,2878,2,14,0
0,0,2873,2,8,0
0,0,2873,2,22,0
1,0,249,2,27,0
0,1,2874,1,43,0
0,0,1954,2,16,0
0,0,2880,2,40,0
1,1,250,2,48,0
1,0,456,2,25,0
1,0,461,2,29,0
0,0,1955,1,60,0
0,1,2877,2,22,0
1,1,64,0,37,0
1,1,64,0,35,0
2,0,1982,2,23,0
2,0,696,2,24,0
2,0,1984,2,15,0
1,0,638,2,18,0
1,1,638,0,14,0
2,0,648,2,39,0
2,1,1958,2,12,0
2,0,1958,2,43,0
2,0,1959,2,45,0
0,1,2879,2,24,0
0,0,1986,2,52,0
0,0,2885,2,18,0
0,1,2881,1,38,0
0,0,2887,0,28,0
0,1,2882,2,28,0
0,0,2888,2,19,0
0,0,1964,1,45,0
0,0,1964,2,27,0
0,1,2884,0,15,0
0,0,2886,2,22,0
0,0,1993,2,23,0
1,0,261,2,32,0
0,0,2889,2,15,0
1,1,16,2,30,1
0,0,1994,2,60,0
0,0,1966,2,50,0
0,0,2891,2,45,0
2,0,702,2,24,0
2,0,1995,2,22,0
2,0,1995,2,20,0
2,1,1995,0,19,0
2,0,1995,2,40,0
2,1,1995,2,14,0
2,1,1995,2,18,0
2,1,714,0,20,0
1,1,640,2,35,0
0,1,2890,2,24,0
1,1,458,0,30,0
1,0,458,2,44,0
0,0,703,2,42,0
0,1,2894,2,3,0
0,0,2000,2,19,0
1,1,642,2,69,0
0,1,2892,0,50,0
0,0,2895,1,15,0
0,1,2896,2,18,0
0,1,2897,1,25,0
0,1,2898,1,15,0
1,0,265,0,62,0
0,0,2003,2,19,0
0,1,2899,2,29,0
0,0,1970,0,28,0
1,1,460,0,25,0
1,1,460,2,22,0
1,1,18,2,35,0
1,1,18,2,61,0
1,1,18,0,26,0
0,0,2691,2,19,0
2,0,1971,2,2,0
2,1,1971,2,0,0
2,0,715,2,26,0
2,1,1971,2,6,0
0,0,2005,0,23,0
0,1,643,0,50,0
2,0,1974,2,18,0
0,1,2893,2,7,0
0,1,2893,2,3,0
0,0,2893,2,3,0
0,0,2893,2,37,0
0,0,706,2,25,0
0,0,2008,2,22,0
2,0,1975,2,20,0
2,0,2010,2,32,0
0,0,717,2,34,0
1,1,269,0,47,0
0,0,1977,2,23,0
1,0,252,2,22,0
1,1,252,2,35,0
0,0,2903,1,18,0
1,0,462,2,36,0
1,1,462,2,32,0
0,1,2900,2,29,0
1,1,253,2,19,0
2,1,1979,2,45,0
2,1,2014,2,28,0
0,0,2016,2,14,0
1,0,66,0,22,0
0,0,2018,2,31,0
2,0,2019,2,25,0
0,0,2901,2,15,0
2,0,1980,2,28,0
0,1,2904,2,34,0
0,0,2022,2,28,0
1,1,67,2,45,0
0,0,2024,2,44,0
0,0,2025,2,22,0
0,0,2905,2,48,0
0,0,2027,2,25,0
0,0,2907,2,24,0
0,0,2907,2,20,0
0,0,2907,2,46,0
0,1,2908,2,40,0
0,0,2910,1,26,0
0,0,2029,0,56,0
0,0,1983,2,37,0
0,1,2911,2,35,0
0,0,2902,2,15,0
0,0,2034,2,21,0
0,0,718,2,24,0
0,0,2035,0,30,0
1,1,68,0,34,0
1,1,68,0,16,0
1,1,68,0,55,0
1,0,68,0,27,0
0,0,2036,2,44,0
0,0,2036,2,17,0
0,0,2036,1,17,0
2,0,1985,2,36,0
0,0,1987,2,18,0
0,1,2914,1,14,0
0,0,1988,2,21,0
0,0,709,0,26,0
0,0,1989,2,28,0
2,0,1990,2,21,0
1,1,255,0,25,0
1,0,255,2,27,0
1,0,255,0,25,0
1,1,255,2,43,0
2,0,646,2,35,0
0,0,2038,1,21,0
0,0,2916,2,23,0
1,1,647,0,17,0
0,0,647,2,21,0
1,1,647,2,21,0
1,0,647,2,39,0
1,1,647,0,22,0
1,1,647,0,40,0
0,1,2917,2,25,0
0,0,2920,2,6,0
0,1,2920,2,1,0
0,1,2920,2,1,0
0,0,710,2,20,0
0,0,2921,2,17,0
0,1,2923,2,22,0
2,1,2042,0,18,0
2,0,711,2,49,0
1,1,262,0,27,0
1,1,262,2,40,0
0,0,712,2,22,0
2,0,2044,2,55,0
0,0,649,2,45,0
0,0,2924,2,33,0
0,0,2926,2,42,0
1,0,270,2,27,0
0,1,2927,2,16,0
2,0,1998,2,23,0
0,0,2909,2,31,0
1,1,61,2,62,0
0,0,1999,1,43,0
2,1,2046,0,57,0
0,0,2001,1,23,0
0,0,2049,0,20,0
1,1,70,0,21,0
1,1,70,0,27,0
1,0,272,0,31,0
1,0,272,2,31,1
1,1,272,2,24,0
1,0,272,2,27,0
0,0,2050,2,28,0
2,1,723,2,44,0
0,1,2912,2,19,0
2,1,2051,2,14,0
0,0,716,2,65,0
2,0,465,2,73,0
1,1,263,2,28,0
1,0,263,2,25,0
1,1,263,2,28,0
0,0,2002,2,34,0
0,1,2913,2,63,0
0,1,2936,2,53,0
0,0,2915,2,18,0
0,1,2918,1,40,0
2,0,650,2,28,0
2,0,2054,2,45,0
2,0,651,2,32,0
0,0,651,0,19,0
1,1,264,0,65,0
0,0,725,2,20,0
0,0,2055,0,18,0
0,1,2057,1,18,0
0,0,2004,2,58,0
2,1,2006,2,25,0
0,0,2007,2,13,0
0,0,2060,1,28,0
0,0,2009,2,22,0
0,0,2922,2,22,0
0,0,2925,2,10,0
1,1,266,0,14,0
0,0,2928,2,44,0
0,1,2928,0,10,0
0,1,2929,2,37,0
1,1,63,0,37,0
1,0,63,0,44,0
0,0,2930,1,42,0
2,0,2691,2,18,0
2,0,2062,2,34,0
0,0,2011,2,15,0
0,0,2939,2,36,0
0,1,2933,2,27,0
0,1,2934,2,33,0
0,0,2068,2,27,0
2,1,2069,2,22,0
0,0,2940,2,19,0
2,1,2071,2,18,0
1,0,11,0,31,0
2,0,2013,2,41,0
2,1,729,2,48,0
0,0,2935,2,23,0
2,0,2015,2,29,0
1,0,267,2,38,0
0,0,2941,1,21,0
0,0,2075,1,20,0
1,0,3264,2,27,0
2,1,2017,2,33,0
0,0,2937,2,24,0
2,1,2020,2,23,0
2,0,466,0,22,0
0,1,2938,0,13,0
0,0,2077,0,24,0
0,0,719,2,32,0
2,0,722,2,17,0
1,1,20,2,28,0
1,1,20,2,46,0
1,1,20,0,18,0
0,0,2021,2,24,0
0,0,2021,2,20,0
0,0,2023,2,17,0
0,0,2079,2,44,0
0,0,2947,1,34,0
0,0,2080,1,19,0
0,0,2082,2,28,0
2,1,2026,2,28,0
1,0,268,0,57,0
2,1,2028,2,34,0
2,0,733,2,18,0
1,0,71,2,28,1
1,0,71,0,6,0
1,1,71,0,53,0
1,0,71,2,6,0
2,0,2084,2,33,0
1,1,12,0,43,0
0,0,2944,2,44,0
2,1,2085,2,28,0
2,1,2030,0,37,0
2,0,736,2,55,0
2,1,736,2,40,0
0,0,2032,2,38,0
2,1,2088,2,24,0
2,1,2033,2,53,0
2,0,467,2,61,0
0,1,2945,2,17,0
0,0,2946,2,20,0
0,0,2948,2,22,0
2,0,2091,2,27,0
0,0,2037,2,19,0
0,0,2039,2,23,0
1,0,73,0,33,0
1,0,73,0,26,0
2,1,2040,2,33,0
0,0,2954,2,39,0
0,1,2949,1,47,0
0,0,738,2,33,0
2,0,724,2,40,0
0,1,276,0,19,0
1,0,276,0,26,0
1,1,74,2,24,0
1,1,74,2,15,0
0,0,2950,0,2,0
0,0,740,0,33,0
0,1,2950,1,14,0
0,0,2041,2,22,0
1,0,75,0,45,0
1,0,75,0,58,0
0,1,2691,0,13,0
0,0,2043,0,36,0
1,0,741,2,35,0
0,1,2955,1,23,0
1,0,742,2,27,0
0,0,2956,2,24,0
1,0,76,2,43,0
1,0,76,2,67,1
1,1,77,2,29,0
0,0,2691,2,28,0
2,1,743,2,18,0
2,1,743,0,35,0
2,0,743,2,22,1
2,1,743,2,19,0
0,1,743,2,47,0
2,0,743,2,16,0
2,0,743,2,41,0
1,0,745,2,26,0
0,1,2951,2,37,0
2,0,726,2,26,0
2,0,2095,2,21,0
0,0,2045,1,45,0
0,0,2959,2,28,0
0,0,2047,2,26,0
0,0,2048,2,35,0
1,0,471,0,60,0
0,1,2961,2,7,0
2,0,727,0,15,0
0,0,747,2,26,0
0,1,2953,2,38,0
0,0,2052,2,24,0
0,0,2052,2,77,0
2,0,749,2,22,0
2,0,2691,2,22,0
2,0,2053,2,20,0
2,0,2053,2,47,0
2,1,2053,2,25,0
2,1,2053,2,9,0
2,0,2053,2,19,0
0,0,2965,2,44,0
1,0,65,2,41,1
0,1,2958,2,53,0
1,1,751,2,27,0
0,0,2966,2,20,0
0,1,2960,0,23,0
2,0,753,2,20,0
2,0,2056,1,28,0
0,0,2969,1,51,0
0,0,2962,2,22,0
0,1,2963,0,36,0
0,0,2058,2,18,0
0,0,2059,1,19,0
0,0,2061,2,17,0
0,0,2972,2,29,0
0,0,2107,2,18,0
2,0,2108,2,22,0
2,0,468,0,43,0
0,0,2967,1,24,0
2,0,2109,2,25,0
0,0,2111,2,20,0
0,1,2974,2,23,0
0,0,2113,2,32,0
1,0,69,2,51,0
1,0,472,2,22,0
0,0,2063,1,22,0
0,0,2064,1,30,0
0,0,2065,2,23,0
0,0,728,2,61,0
0,0,2116,2,24,0
0,0,2067,2,19,0
0,0,14,2,27,0
1,0,14,2,29,1
1,1,79,0,55,0
1,0,79,2,26,0
0,1,2968,0,58,0
1,1,80,0,60,0
1,1,80,2,13,0
1,0,80,0,39,1
1,1,80,0,35,0
0,0,2118,2,21,0
0,0,2070,2,37,0
0,1,2970,1,31,0
0,0,2072,2,20,0
2,0,2120,2,27,0
2,1,2123,2,40,0
2,1,2073,2,28,0
1,0,279,0,36,0
0,0,755,2,19,0
0,0,2074,1,22,0
0,0,2971,2,15,0
0,0,2076,0,18,0
1,0,473,2,25,0
1,1,473,2,62,0
0,0,2973,2,53,0
0,0,2127,0,28,0
0,0,2129,2,19,0
0,1,2975,1,21,0
0,0,2976,2,20,0
1,0,81,0,56,0
1,0,474,0,64,0
1,1,82,2,28,0
1,0,280,2,36,0
2,0,475,2,51,0
0,1,2977,1,16,0
0,1,2978,0,21,0
0,0,2078,0,50,0
0,0,2978,2,0,0
0,0,2133,2,34,0
0,1,2983,2,3,0
0,1,2983,1,11,0
0,1,2983,1,5,0
0,0,2983,2,47,0
0,1,2983,2,1,0
0,1,2983,2,0,0
0,0,730,2,23,0
1,0,271,2,27,0
0,0,2691,2,46,0
0,0,2987,2,34,0
0,0,2987,0,2,0
0,1,2987,2,11,0
0,0,2987,0,1,0
0,1,2987,2,13,0
0,0,2135,2,41,0
0,0,2987,0,11,0
2,1,2081,2,52,0
2,1,2081,2,15,0
0,1,2981,2,58,0
0,0,2083,2,23,0
0,0,2982,2,34,0
0,0,2982,2,9,0
0,0,2086,2,25,0
1,1,24,0,38,0
1,0,24,0,42,1
1,0,24,2,40,0
1,0,24,2,18,0
2,0,2137,2,42,0
2,0,2137,2,40,0
0,0,2139,2,28,0
1,0,282,2,56,0
0,0,2984,2,22,0
2,0,2142,2,39,0
0,1,2985,0,35,0
0,0,2087,2,36,0
2,0,756,2,34,0
0,0,2089,2,22,0
0,1,2986,2,21,0
1,0,283,2,16,0
1,0,283,2,35,0
2,0,2090,2,19,0
1,1,85,2,36,0
1,0,731,0,32,0
1,0,731,2,69,0
1,1,732,0,44,0
1,1,732,0,34,0
1,0,732,2,35,0
0,0,2989,2,25,0
0,1,2989,2,3,0
0,0,2989,1,12,0
0,0,2989,2,3,0
0,0,2143,2,13,0
0,0,2989,2,26,0
0,1,2989,1,2,0
2,0,2144,2,25,0
2,1,2145,2,19,0
0,1,2988,0,33,0
0,0,2093,0,41,0
0,1,2990,1,55,0
0,0,2094,0,30,0
0,0,2991,1,35,0
0,0,2993,2,7,0
0,0,2994,2,38,0
0,1,2994,1,51,0
0,1,2994,2,18,0
1,1,86,2,44,0
1,1,274,2,18,0
1,1,274,2,13,0
0,1,2995,2,49,0
0,0,2995,2,8,0
0,0,2096,2,22,0
1,0,758,0,32,0
2,0,2097,2,28,0
0,1,2992,0,56,0
2,0,2147,0,18,0
2,1,2148,2,27,0
0,0,734,2,46,0
0,0,2149,2,18,0
1,1,478,2,30,0
1,0,478,0,35,0
1,1,478,2,48,0
0,1,2996,0,33,0
0,1,2691,0,0,0
0,1,2997,0,11,0
0,1,2997,2,0,0
0,0,2101,2,14,0
0,1,2997,1,9,0
0,0,2998,2,37,0
0,1,2998,2,30,0
2,1,2102,2,21,0
2,1,2103,2,32,0
2,0,2103,2,4,0
2,1,2103,2,19,0
2,0,476,2,25,1
0,0,2999,2,34,0
0,0,2153,2,19,0
0,1,3003,1,18,0
0,0,3004,1,23,0
2,1,2691,2,53,0
0,1,3005,1,13,0
0,0,2154,2,20,0
0,0,2104,2,34,0
0,0,3000,2,18,0
0,0,3000,2,0,0
0,1,3000,2,35,0
0,1,3000,2,0,0
0,0,760,2,62,0
0,0,2105,0,15,0
0,1,3006,2,28,0
0,1,3006,2,5,0
1,1,479,2,22,0
1,1,479,2,14,0
2,1,2110,0,43,0
2,0,737,2,24,0
2,0,2157,2,65,0
1,0,285,2,44,0
0,1,3008,2,50,0
0,1,3007,1,15,0
0,0,739,2,18,0
1,0,275,0,41,0
0,0,2159,2,21,0
0,1,3009,1,16,0
0,0,2160,2,21,0
0,0,3010,2,29,0
0,0,3010,2,19,0
0,1,3011,2,18,0
0,0,2163,0,25,0
0,0,3012,2,45,0
0,0,2112,0,32,0
1,0,72,2,33,0
1,0,72,2,28,0
1,0,72,0,24,0
0,0,763,0,29,0
0,0,2114,2,24,0
2,1,2115,0,22,0
0,1,3014,1,18,0
0,0,3013,2,16,0
0,0,2165,2,17,0
0,0,2117,2,18,0
1,0,277,0,25,0
1,0,277,0,46,0
0,0,3015,2,36,0
2,1,744,1,62,0
1,1,748,2,48,0
1,1,748,2,16,0
1,0,748,2,27,0
1,0,748,2,52,0
2,1,2119,2,25,0
2,0,482,0,13,0
2,0,2121,2,35,0
0,0,2124,2,20,0
0,1,3016,1,42,0
2,1,765,2,50,0
1,1,287,2,66,0
1,0,287,2,31,0
1,1,287,0,37,0
0,0,2125,2,72,0
2,0,480,0,30,0
0,0,766,2,29,0
0,0,3017,0,21,0
2,1,483,0,33,0
1,0,15,2,28,0
0,0,2126,2,41,0
1,0,278,0,44,0
1,0,289,2,45,0
1,0,289,0,61,0
0,0,3019,2,21,0
0,1,3018,2,25,0
0,0,2171,2,38,0
2,0,2128,2,68,0
2,0,2128,0,0,0
2,0,2128,2,21,0
0,0,750,2,55,0
0,0,2173,2,60,0
2,1,481,2,19,0
0,1,3022,1,17,0
0,0,3020,2,16,0
0,0,2175,2,29,0
0,0,752,2,29,0
0,0,3021,2,0,0
0,1,3023,1,15,0
0,0,767,2,27,0
0,0,3024,2,24,0
0,0,2177,0,14,0
2,0,2178,2,17,0
2,0,2178,2,37,0
0,0,2130,0,23,0
2,1,2132,2,17,0
2,0,769,2,33,0
0,0,3026,2,30,0
0,1,3026,2,20,0
0,0,2134,2,28,0
0,0,2181,2,25,0
0,0,2182,2,19,0
0,1,3025,2,31,0
0,0,2183,2,23,0
0,1,2691,2,29,0
0,0,3027,2,20,0
0,0,2138,2,26,0
1,1,484,0,26,0
0,0,2140,1,51,0
2,0,2141,2,28,0
0,0,3028,2,17,0
0,0,2186,2,22,0
0,0,3029,2,31,0
0,1,3030,2,2,0
0,1,3030,0,0,0
0,0,3030,2,3,0
0,0,770,1,28,0
0,1,3031,0,21,0
0,0,2188,2,15,0
0,0,2192,2,18,0
1,0,17,0,52,0
1,0,26,0,49,0
1,0,88,0,42,0
1,1,88,2,28,0
2,1,2195,2,31,0
2,0,757,2,19,0
1,0,281,0,41,0
0,0,2197,2,31,0
0,0,3032,2,13,0
2,1,2146,2,35,0
0,1,3033,2,29,0
2,0,2199,2,0,0
2,1,2199,2,19,0
2,0,2199,2,28,0
0,1,3035,2,19,0
0,0,486,2,26,0
1,1,487,2,47,0
1,0,487,2,29,0
1,0,487,2,46,0
0,0,759,2,18,0
2,0,2200,2,33,0
1,0,488,0,20,0
1,0,488,2,37,0
0,0,284,0,35,0
0,0,3034,2,25,0
1,1,90,2,22,0
1,1,90,0,47,0
1,0,90,0,31,0
0,0,2150,2,27,0
0,1,3039,2,47,0
0,0,2152,2,46,0
1,0,761,0,47,0
0,0,3036,2,40,0
0,0,3040,2,39,0
0,1,3040,2,39,0
0,0,3040,2,35,0
0,0,2202,0,43,0
0,0,3041,2,38,0
0,1,3038,1,31,0
1,0,92,2,20,0
1,0,92,0,44,0
1,0,2691,0,25,0
0,0,762,2,25,0
0,1,3043,0,20,0
2,0,2206,2,33,0
2,0,2155,1,58,0
0,0,2156,2,23,0
1,0,93,2,35,0
0,0,773,2,13,0
0,0,764,2,21,0
0,1,3042,1,20,0
0,0,2208,2,15,0
2,1,2209,2,48,0
2,1,2209,2,58,0
1,1,30,0,25,0
1,0,30,2,43,0
0,0,2158,2,53,0
0,0,2210,0,13,0
0,0,3046,2,8,0
0,1,3047,2,53,0
0,0,774,2,22,0
1,1,95,0,31,0
0,0,2211,2,28,0
0,0,3048,2,22,0
0,1,3049,2,27,0
1,1,78,2,29,0
1,1,96,2,42,0
1,0,294,0,42,0
0,0,2161,2,33,0
1,0,485,2,32,1
0,0,3051,0,42,0
0,1,3052,1,22,0
0,0,3050,0,18,0
1,1,775,2,46,0
0,0,2216,2,20,0
0,0,2218,2,21,0
2,1,2162,2,26,0
2,0,2162,2,51,0
0,0,2219,2,53,0
0,0,3053,2,29,0
2,0,768,2,25,1
2,0,2223,2,69,0
1,1,19,2,26,0
1,0,19,2,38,0
0,1,3054,2,37,0
0,0,2224,2,14,0
2,0,2166,2,36,0
2,0,776,2,42,0
0,0,2167,2,25,0
0,1,3056,2,35,0
2,0,492,2,26,1
2,1,2225,2,12,0
0,0,2226,2,48,0
0,1,2228,2,13,0
0,0,2228,2,21,0
0,0,3055,2,26,0
0,0,3055,2,32,0
0,1,3057,2,25,0
0,0,2232,2,51,0
0,1,3058,0,15,0
0,1,3058,0,14,0
1,1,295,0,41,0
0,1,2168,2,13,0
2,1,2168,2,39,0
0,0,3063,2,19,0
0,0,3064,2,17,0
0,0,3059,2,41,0
0,0,2234,0,43,0
0,0,3065,0,18,0
0,0,2235,2,22,0
1,1,489,0,29,0
0,0,777,2,22,0
2,1,2237,2,62,0
2,0,2237,2,29,0
0,0,2238,2,26,0
0,0,3066,0,8,0
0,0,2239,1,26,0
0,0,3066,2,38,0
0,0,3067,1,49,0
0,1,3062,0,18,0
0,0,779,2,18,0
0,0,2170,2,35,0
2,0,771,2,34,1
2,1,2242,2,11,0
2,1,2242,2,28,0
2,0,2172,2,22,0
0,0,2174,2,18,0
2,1,2176,2,36,0
0,1,3069,2,17,0
2,0,772,2,25,0
0,0,781,2,29,1
1,0,84,2,25,0
2,1,2179,2,34,0
0,1,3071,0,16,0
1,1,286,0,28,0
1,0,286,2,29,0
1,0,286,2,38,0
1,1,286,0,39,0
0,0,3068,1,48,0
0,0,3073,2,23,0
0,1,3075,2,16,0
0,1,3076,2,21,0
0,0,3077,2,21,0
0,0,3077,2,4,0
2,0,783,2,27,0
0,0,2184,2,18,0
0,1,3079,2,22,0
0,0,2245,2,28,0
0,0,3081,2,22,0
1,1,2691,1,39,0
0,1,3070,2,29,0
0,0,2187,1,42,0
0,1,3070,2,0,0
1,0,288,2,52,0
1,0,2691,0,26,1
0,1,3072,2,19,0
0,0,2189,2,23,0
0,0,2190,2,36,0
0,0,2190,2,26,0
0,0,2191,2,62,0
0,0,3074,2,28,0
0,1,3074,2,25,0
0,0,3074,0,0,0
0,0,2691,2,24,0
0,0,2193,2,49,0
0,0,2194,1,21,0
0,0,3078,2,29,0
0,0,2251,2,19,0
0,1,2196,0,32,0
2,1,2198,2,20,0
0,0,3082,2,48,0
0,0,778,2,27,0
0,0,2252,2,49,0
0,0,786,2,20,0
0,0,3083,1,25,0
0,0,2254,2,28,0
1,0,299,0,73,0
1,1,102,0,23,0
1,0,102,0,23,0
2,0,2201,2,26,0
1,0,104,0,48,0
1,0,104,2,28,0
2,1,788,2,54,0
2,0,788,2,56,0
1,0,301,0,30,1
0,0,789,2,24,0
0,0,789,0,23,0
1,1,303,2,57,0
0,0,2258,2,28,0
0,0,780,2,14,0
0,1,3086,2,51,0
0,1,3087,2,16,0
1,1,21,0,29,0
0,1,3084,2,43,0
0,0,2203,2,16,0
2,0,791,2,38,0
1,0,87,2,40,0
0,0,2204,1,44,0
0,0,2205,2,25,0
0,0,2207,2,20,0
0,0,2262,0,19,0
1,0,105,2,47,0
0,1,3089,2,21,0
0,0,2264,2,15,0
1,0,782,2,26,0
1,0,291,2,50,1
0,0,2265,2,19,0
0,0,2266,2,28,0
0,0,3090,2,18,0
0,1,3088,2,0,0
0,1,3088,2,34,0
0,0,3088,2,25,0
0,0,3088,0,8,0
0,1,3088,2,0,0
0,0,3088,0,6,0
1,0,31,0,27,0
0,0,784,2,32,0
0,0,2269,2,63,0
2,0,2270,1,36,0
1,0,23,0,33,0
0,1,3091,2,28,0
1,0,785,0,43,0
0,0,3092,2,23,0
1,1,106,2,22,0
1,0,306,0,56,0
1,0,306,2,25,0
1,1,306,0,28,0
1,1,306,2,44,0
0,0,2272,2,20,0
2,0,491,2,17,0
0,0,2212,2,18,0
0,0,2213,2,15,0
0,1,3094,2,23,0
0,0,3095,2,27,0
0,0,3095,2,10,0
0,0,3095,2,10,0
0,1,3095,0,0,0
0,1,3095,2,16,0
0,0,3095,2,48,0
0,0,3095,2,7,0
2,1,2215,2,50,0
2,1,2215,2,5,0
2,0,493,2,50,0
0,0,3097,2,35,0
0,0,2277,2,23,0
2,0,496,2,28,0
0,0,3093,2,20,0
2,0,787,2,47,0
0,1,3099,2,26,0
0,1,3096,1,17,0
0,1,3096,2,43,0
0,0,2217,2,37,0
2,0,497,2,25,0
2,0,497,0,26,0
0,0,3100,2,23,0
2,0,2278,2,46,1
0,0,2220,2,23,0
1,1,311,0,26,0
1,0,311,2,27,0
0,0,3101,2,18,0
0,0,2221,2,63,0
0,1,2691,1,2,0
1,0,313,2,0,0
1,0,313,2,0,0
1,0,313,0,37,0
1,0,313,0,18,0
0,1,313,2,33,0
1,0,313,2,31,0
0,1,3104,2,34,0
0,0,3106,2,18,0
2,0,499,2,20,0
1,1,109,2,37,0
1,0,790,2,30,0
2,0,2281,2,7,0
2,0,2281,2,32,0
0,0,2281,2,68,0
2,0,2281,2,0,0
0,0,2227,2,23,0
1,0,292,0,38,0
1,0,292,2,26,0
1,0,89,0,29,0
0,0,3107,2,43,0
2,1,2283,2,38,0
2,0,2283,2,25,0
2,1,2229,2,18,0
0,0,3103,2,23,0
0,0,2231,2,26,0
1,0,317,2,45,0
2,1,2233,2,25,0
2,1,2284,0,16,0
1,1,91,0,25,0
1,0,110,0,11,0
1,1,110,0,22,0
1,1,110,2,38,0
1,1,110,2,25,0
0,1,3112,1,17,0
0,0,3112,2,20,0
1,1,319,2,24,0
1,1,319,0,37,0
1,0,320,2,32,0
1,0,320,2,32,0
0,0,2285,2,20,0
0,0,3105,2,50,0
1,0,111,2,33,0
0,0,2236,2,47,0
1,1,321,0,49,0
0,0,2288,2,20,0
1,1,501,2,26,0
0,0,3115,2,24,0
0,0,3115,2,11,0
2,0,2240,2,47,0
0,1,3108,2,22,0
2,0,792,2,35,0
2,0,2241,0,25,0
2,1,2243,2,33,0
0,0,793,2,20,0
0,1,3117,2,16,0
2,0,2244,2,29,0
0,1,3109,2,16,0
1,1,494,2,43,0
1,0,494,2,33,0
0,0,2290,2,16,0
0,0,2292,2,22,0
0,0,2246,0,18,0
0,1,3111,0,36,0
0,1,3111,2,17,0
0,0,2293,2,34,0
0,1,3113,2,1,0
2,1,2247,2,24,0
0,0,2295,2,20,0
1,0,503,2,56,0
1,1,503,2,26,0
0,0,2249,2,35,0
2,0,2297,0,3,0
2,0,794,2,23,0
2,1,2297,2,19,0
2,0,2297,2,0,0
0,0,3114,2,30,0
0,0,2250,2,50,0
2,1,795,2,15,0
2,0,2300,2,19,0
2,0,2300,2,28,0
2,0,2300,2,35,0
0,0,3121,2,45,0
0,1,3116,2,0,0
0,0,3116,1,74,0
0,1,2691,0,24,0
2,0,803,2,39,0
0,0,2303,2,18,0
0,1,3122,1,39,0
1,1,797,2,33,0
0,0,2253,1,21,0
1,0,113,2,35,0
1,0,113,0,66,0
0,0,2255,2,14,0
2,0,495,2,20,0
2,1,2256,2,18,0
1,0,805,2,36,0
1,0,32,0,27,1
1,0,115,2,51,0
0,1,3124,2,18,0
0,0,2306,2,46,0
2,0,2257,2,67,0
0,0,3118,2,24,0
0,0,3118,1,35,0
0,0,2259,2,14,0
2,1,2308,2,22,0
0,1,3119,1,20,0
2,1,2260,2,23,0
0,1,3120,1,23,0
0,1,3120,2,21,0
2,0,504,2,36,0
0,1,3126,2,19,0
0,0,2261,1,22,0
0,0,798,2,58,0
0,0,2310,2,14,0
0,0,2311,2,18,0
0,0,2691,2,40,0
0,0,2263,2,24,0
2,0,2267,2,26,0
0,1,3130,2,16,0
0,1,3125,0,28,0
0,0,3134,2,21,0
0,1,3136,2,17,0
0,0,2314,2,23,0
2,0,807,2,22,0
0,0,2271,0,20,0
1,0,116,0,38,0
0,0,809,0,37,0
2,0,799,2,31,0
2,0,1058,0,27,0
0,0,3127,2,31,0
0,0,3128,2,21,0
0,1,3128,1,36,0
0,0,3128,1,20,0
0,0,3129,1,36,0
0,0,3138,1,40,0
2,0,498,2,25,0
1,1,296,2,32,1
1,0,296,0,25,0
1,1,2691,2,49,0
2,0,1060,2,28,0
1,1,297,0,58,0
2,1,2275,2,28,0
0,0,2276,2,22,0
2,0,1062,2,61,0
1,0,118,2,28,0
1,1,118,2,24,0
0,0,1063,0,40,0
0,1,3135,2,28,0
0,0,1064,0,15,0
0,0,3137,1,29,0
0,1,3140,1,18,0
0,0,2691,1,28,0
0,1,3142,2,24,0
0,0,2279,2,18,0
0,0,2279,1,21,0
2,1,2280,2,25,0
0,0,1065,0,16,0
1,1,97,2,49,0
0,0,810,2,28,0
0,0,3143,2,22,0
0,0,3145,2,11,0
0,1,3146,0,26,0
0,1,3139,0,17,0
0,0,2691,2,26,0
0,0,3148,2,0,0
0,0,3148,2,28,0
0,0,3148,2,4,0
0,0,2286,2,19,0
0,1,3148,0,5,0
0,0,801,2,35,0
1,1,98,0,25,0
1,1,98,2,26,0
0,0,3149,2,34,0
1,0,25,0,21,0
1,0,25,2,26,0
1,0,99,2,32,0
1,0,99,2,40,0
2,0,811,2,13,0
2,0,2691,0,29,0
2,1,1071,2,11,0
0,0,2287,0,25,0
2,1,1073,2,31,0
2,1,1073,0,51,0
2,0,802,2,20,0
2,1,2289,2,32,0
0,1,3151,2,22,0
0,1,3152,1,38,0
0,0,804,2,26,0
1,0,27,2,42,1
2,0,2291,2,57,0
0,1,3141,2,38,0
2,0,1076,2,23,0
2,0,1076,0,32,0
0,0,1077,2,15,0
0,0,1079,2,41,0
0,0,2691,2,19,0
2,0,1081,2,26,0
0,0,3144,1,28,0
2,1,2294,2,20,0
0,0,1082,2,19,0
1,0,324,2,30,0
2,1,2296,2,58,0
2,0,812,2,17,0
0,0,2298,2,28,0
0,1,3147,1,19,0
0,0,1083,0,20,0
2,0,2299,2,54,0
2,0,814,2,21,0
0,0,2301,2,44,0
0,1,2691,1,11,0
0,1,3153,0,2,0
0,0,1088,2,20,0
2,1,2302,2,50,0
0,0,2304,2,27,0
0,0,1090,1,28,0
0,0,1091,2,33,0
2,1,500,0,23,0
0,0,3155,2,22,0
2,1,2305,2,44,0
2,0,806,2,45,0
1,0,119,0,20,0
2,0,808,2,26,0
0,0,3150,2,18,0
0,0,1093,1,21,0
1,0,100,0,26,0
1,1,100,0,55,0
2,0,816,2,24,0
0,0,1095,2,27,0
0,0,1096,0,18,0
2,1,1097,2,20,0
0,0,2307,2,31,0
0,0,3157,2,37,0
1,0,101,1,37,1
1,1,101,0,57,0
2,1,2309,2,39,0
0,1,3158,2,20,0
2,0,1101,2,18,0
1,0,103,0,29,1
1,0,103,0,31,0
1,1,328,0,27,0
1,1,2691,2,43,0
0,0,1103,2,28,0
2,0,507,0,32,0
0,0,3154,2,19,0
0,0,2312,2,50,0
0,0,2313,2,19,0
1,0,35,0,44,0
1,0,502,2,49,0
1,0,298,0,30,0
0,0,2315,2,41,0
1,0,300,0,34,0
1,1,300,0,30,0
0,0,3160,1,22,0
1,0,818,2,29,0
2,1,1057,2,32,0
2,0,1057,1,40,0
0,1,3161,2,50,0
0,0,3163,1,31,0
0,1,3163,0,1,0
0,0,3165,2,30,0
1,0,331,0,28,1
1,0,331,0,41,0
2,0,1109,2,34,0
2,1,1111,2,14,0
0,0,1113,0,13,0
0,1,3159,1,16,0
1,0,28,0,25,0
0,0,3168,0,17,0
0,0,1061,2,41,0
2,0,1117,0,28,0
0,0,3164,2,3,0
0,1,3164,2,18,0
0,0,1118,2,20,0
0,1,2691,1,32,0
0,0,3166,1,59,0
1,1,813,2,52,0
1,1,302,2,47,0
1,0,509,0,56,0
2,0,1122,2,24,0
0,0,3167,2,13,0
0,0,815,2,15,0
0,0,1066,2,40,0
0,0,107,0,30,0
1,0,335,2,25,0
2,0,1067,2,10,0
2,0,1069,0,28,0
2,0,506,2,36,0
0,0,3175,1,12,0
0,1,3175,2,26,0
0,0,3175,2,33,0
1,1,304,2,42,0
0,1,3169,2,31,0
0,0,3177,2,20,0
0,1,3177,0,24,0
0,1,3170,2,37,0
0,0,1126,2,19,0
2,0,1127,2,13,0
0,0,1070,1,23,0
0,0,3171,2,44,0
1,1,305,2,36,0
0,0,817,2,79,0
0,1,3172,1,1,0
0,0,3172,2,12,0
0,0,3172,2,8,0
0,0,2691,1,45,0
0,0,3172,2,10,0
0,0,3172,2,3,0
0,0,1130,2,37,0
1,1,29,0,43,0
1,1,29,2,38,0
1,0,29,0,33,0
1,0,29,0,25,0
0,0,1131,2,42,0
0,0,1072,2,35,0
1,0,307,0,35,0
1,0,307,2,30,0
1,1,307,0,33,0
0,0,820,2,30,0
0,1,3173,1,23,0
0,1,3174,2,13,0
1,1,108,2,32,0
1,1,108,2,17,0
1,0,108,0,37,1
1,0,108,2,49,0
1,0,819,2,53,0
0,1,3176,0,27,0
2,0,1137,2,26,0
2,0,511,2,50,0
2,1,1137,0,17,0
0,0,3178,2,22,0
2,1,1074,2,8,0
2,0,823,2,42,0
2,1,1074,2,30,0
2,0,1074,0,4,0
0,0,1075,2,27,0
1,1,309,0,15,0
1,1,309,2,38,0
1,1,310,0,51,0
2,0,1078,2,26,0
1,1,337,0,34,0
1,1,337,0,45,0
0,1,3179,2,18,0
0,0,1139,1,21,0
0,0,1140,2,23,0
2,1,1142,2,24,0
0,0,1080,2,20,0
0,1,2691,2,32,0
0,0,824,2,22,0
0,0,821,2,13,0
2,0,825,2,42,0
0,0,826,2,19,0
2,0,828,2,24,0
0,0,1144,1,45,0
0,0,1084,2,35,0
0,0,1085,2,16,0
0,1,2691,2,16,0
0,0,1146,2,43,0
0,0,1149,2,31,0
1,0,36,2,28,0
2,0,1089,2,22,0
0,0,1092,2,48,0
0,0,1094,0,20,0
2,0,508,2,35,0
0,0,2691,0,23,0
0,0,1152,2,28,0
0,0,1155,1,19,0
1,0,832,0,45,0
0,0,834,2,16,0
0,0,3180,2,3,0
0,0,1157,1,60,0
1,1,125,2,33,1
0,0,836,0,25,0
0,0,1098,2,37,0
2,0,1100,2,51,0
0,1,3184,0,29,0
2,1,1159,2,39,0
0,1,3183,2,29,0
0,1,3183,2,27,0
0,0,1160,2,38,0
0,0,837,2,13,0
0,0,1102,2,33,0
0,0,3185,2,45,0
0,0,3185,0,0,0
0,1,3187,1,18,0
0,1,3187,2,0,0
0,0,1104,2,38,0
0,0,3187,0,0,0
0,0,1105,0,21,0
1,0,37,0,56,0
1,0,39,2,38,0
2,0,1161,2,35,0
0,0,840,0,34,0
0,0,3189,2,15,0
0,0,827,1,22,0
2,0,1163,2,28,0
0,1,3186,2,18,0
1,0,510,0,47,0
1,1,517,2,23,0
2,1,1166,2,44,0
2,0,1166,2,18,0
0,1,3188,2,21,0
2,0,2691,2,65,0
1,1,512,2,18,0
1,1,512,0,27,0
0,0,1167,2,16,0
0,0,3191,2,17,0
0,0,1107,2,19,0
0,1,3192,1,33,0
0,0,1108,2,20,0
0,1,3194,1,10,0
0,0,3194,2,6,0
0,1,3194,2,0,0
0,1,3194,2,0,0
0,1,3194,2,4,0
1,1,112,2,28,0
2,1,1170,2,27,0
2,0,830,0,54,0
2,0,1110,2,24,0
2,1,1110,2,47,0
2,1,1110,2,16,0
0,0,1110,2,59,0
2,1,1110,2,31,0
2,1,842,2,28,0
0,0,1175,2,23,0
0,0,1112,0,19,0
0,1,3190,1,18,0
2,0,1115,1,28,0
0,0,1116,2,13,0
2,1,845,2,33,0
0,1,3196,2,28,0
0,0,1119,2,17,0
2,0,831,2,36,1
2,0,1177,2,29,1
0,0,3199,2,18,0
0,1,3200,2,37,0
1,0,132,2,36,0
1,1,312,2,44,0
0,0,1178,2,21,0
2,0,515,2,20,0
0,0,846,2,45,0
0,0,833,2,28,0
0,1,3201,2,20,0
0,1,3203,2,18,0
2,1,1180,0,28,0
0,0,3195,2,19,0
0,0,1182,1,27,0
1,0,42,0,26,0
2,0,1183,2,29,0
2,0,835,2,18,0
0,0,3204,2,12,0
0,0,3204,2,0,0
0,0,3204,2,2,0
0,0,1121,0,16,0
0,0,1123,2,17,0
2,0,838,2,20,0
1,1,848,2,30,0
0,1,3205,2,20,0
0,1,3206,1,31,0
0,1,3197,2,13,0
0,0,850,0,23,0
0,0,3198,2,19,0
2,1,1184,2,18,0
2,1,839,2,50,0
1,0,315,0,43,0
2,0,1185,2,52,0
2,0,1124,2,24,0
2,1,1125,2,46,0
1,1,114,2,25,0
0,0,1187,2,53,0
0,0,1128,2,17,0
0,0,1188,2,29,0
0,1,3202,2,26,0
1,0,516,2,35,0
1,0,516,2,51,0
0,0,841,2,20,0
0,0,1190,2,19,0
2,0,521,2,59,0
2,0,521,2,23,0
2,1,1129,2,22,0
2,0,852,2,21,0
0,0,1196,2,25,0
0,0,1197,2,23,0
0,1,3208,0,15,0
2,0,1198,1,20,0
0,0,1132,0,22,0
0,0,1133,2,20,0
1,0,853,2,35,0
0,1,3216,2,41,0
0,0,1200,2,18,0
0,0,3209,1,40,0
2,1,1136,2,25,0
1,0,316,0,31,0
0,0,843,2,47,0
2,1,1201,2,29,0
0,0,3217,1,28,0
0,0,1138,2,18,0
0,0,1138,2,19,0
0,1,3217,2,50,0
0,0,3210,2,26,0
0,0,844,2,29,0
0,1,3211,2,14,0
0,0,1204,2,14,0
0,0,3218,0,0,0
0,1,3218,1,34,0
1,1,522,0,23,0
0,0,3213,2,24,0
0,0,3214,2,39,0
0,1,3215,2,22,0
0,0,3220,2,23,0
0,0,1143,2,26,0
1,0,2691,2,28,0
1,0,117,2,42,0
1,0,117,0,37,0
1,0,117,0,45,0
0,0,3219,2,21,0
0,0,3221,2,42,0
2,0,847,2,20,0
0,0,3222,2,61,0
2,0,1206,2,0,0
2,1,1206,2,3,0
0,1,1206,2,18,0
0,1,3223,1,44,0
1,1,136,0,50,0
2,0,1145,2,18,0
2,0,1145,2,0,0
0,0,3224,2,58,0
0,0,3225,0,50,0
0,0,1147,0,43,0
0,0,3227,2,21,0
0,0,1208,0,30,0
0,1,3226,2,20,0
0,0,855,2,24,0
0,0,3228,2,24,0
0,1,3228,2,37,0
0,0,851,2,21,0
1,1,138,2,48,0
1,1,121,2,33,0
0,0,1210,2,21,0
0,0,3230,2,21,0
0,0,3229,2,13,0
0,0,3229,2,5,0
0,0,1150,2,24,0
0,0,1212,2,37,0
0,0,854,2,23,0
2,1,1151,2,35,0
2,0,518,2,24,0
2,0,1217,0,20,0
0,0,3234,0,0,0
0,0,1153,2,64,0
0,0,1153,2,31,0
0,0,3234,1,6,0
0,0,3234,2,3,0
0,1,3234,1,10,0
0,1,3236,2,19,0
0,1,3237,1,19,0
0,1,3231,2,46,0
0,1,3233,2,25,0
0,0,1156,2,27,0
0,0,1219,0,23,0
0,0,1221,2,20,0
1,1,318,2,24,0
1,1,318,0,50,0
1,0,318,2,44,0
1,0,318,2,28,0
1,0,318,2,25,1
0,1,3239,0,14,0
0,0,3240,1,21,0
1,1,122,2,16,0
1,1,122,0,25,0
2,0,519,2,41,0
2,0,857,2,20,0
0,0,1158,1,24,0
1,1,123,0,31,0
1,1,123,0,23,0
0,0,3235,2,54,0
1,1,141,0,26,0
1,1,141,2,49,1
0,0,3242,0,0,0
0,1,3242,0,17,0
0,0,1223,2,22,0
0,0,3238,2,11,0
2,1,860,0,28,0
0,0,1224,2,17,0
0,1,3244,2,47,0
2,0,523,0,29,0
2,1,1162,2,46,0
2,1,856,2,66,0
0,0,3246,2,0,0
0,0,3246,2,5,0
0,0,3246,2,1,0
0,0,3246,2,42,0
0,1,3246,2,5,0
1,0,124,2,28,0
1,0,124,2,41,0
2,0,1228,2,30,0
0,1,3243,2,26,0
0,0,1229,2,16,0
0,1,3248,2,22,0
0,0,1231,0,20,0
0,1,3245,1,44,0
0,0,1235,2,36,0
0,0,3247,1,6,0
0,0,1164,1,13,0
2,1,1236,2,22,0
2,0,1165,2,69,0
2,0,524,2,40,0
0,0,3249,1,46,0
2,0,1168,2,34,0
0,0,1237,2,39,0
2,0,2691,2,37,0
0,1,3250,0,13,0
0,0,1169,0,20,0
2,0,525,2,28,0
2,1,863,2,54,0
2,0,1171,2,9,0
0,0,1239,2,61,0
0,1,3251,2,18,0
0,1,1240,2,28,0
2,0,1240,2,24,0
2,1,1240,2,24,0
2,0,1240,2,0,0
0,0,1172,0,30,0
0,0,1173,1,28,0
0,0,1241,2,26,0
0,1,3254,2,26,0
0,1,3252,2,3,0
0,0,868,2,30,0
2,0,1176,2,51,0
2,1,1243,2,36,0
0,0,870,2,18,0
0,0,1245,2,27,0
2,1,1179,2,36,0
0,0,871,2,39,0
2,1,1179,2,17,0
0,0,1246,2,24,0
2,0,873,2,14,0
2,0,1249,1,25,0
0,0,1181,2,35,0
2,0,858,2,17,0
1,0,859,0,45,0
1,1,859,2,35,0
0,1,3255,2,19,0
0,0,3256,1,28,0
1,0,2691,2,33,0
1,1,322,2,22,0
0,1,3257,0,32,0
0,0,1186,0,25,0
0,0,875,2,26,0
0,1,3260,2,21,0
0,1,3258,0,49,0
0,0,3259,2,26,0
0,0,1250,0,20,0
1,0,148,0,28,0
0,0,878,2,35,0
1,0,861,0,66,0
2,1,1189,2,47,0
0,1,2319,2,25,0
0,0,1252,1,23,0
2,1,1191,2,19,0
2,0,1191,2,8,0
2,0,1191,2,42,0
2,0,1191,2,33,0
0,0,1192,2,29,0
1,1,127,2,63,0
0,1,2321,1,24,0
2,0,1254,2,62,0
0,0,2320,0,28,0
1,0,346,2,52,0
0,0,2322,2,23,0
1,0,43,0,47,0
1,1,43,0,50,0
1,1,347,2,32,0
0,1,2323,2,33,0
0,0,1257,2,26,0
1,1,150,2,20,0
1,0,150,0,28,0
2,1,1193,2,38,0
0,0,1262,2,42,0
0,1,2324,2,0,0
0,1,2324,2,23,0
0,0,2324,2,39,0
0,0,1199,1,25,0
0,0,2325,0,17,0
0,1,2325,1,15,0
1,1,128,2,31,0
0,1,879,2,49,0
1,1,152,2,41,0
1,0,33,2,37,0
1,1,33,2,27,0
2,0,1264,2,13,0
1,1,129,2,42,0
0,1,2326,2,21,0
0,0,1267,2,29,0
0,1,2326,2,0,0
0,0,1268,1,19,0
0,0,862,2,36,0
2,0,1270,1,31,0
2,0,527,2,16,0
2,1,867,2,42,0
2,1,867,2,16,0
1,0,130,2,23,0
1,0,130,2,42,0
1,1,130,2,34,0
1,1,130,0,38,0
1,1,130,0,21,0
1,1,130,2,25,0
1,0,154,0,30,0
1,0,154,2,40,0
1,1,154,0,31,0
2,0,1273,0,20,0
2,1,1273,2,37,0
0,0,1275,2,26,0
2,1,1205,0,22,0
2,1,1205,2,21,0
2,1,1278,2,33,0
0,0,2328,2,40,0
0,0,2328,2,11,0
0,0,2329,2,27,0
0,0,881,2,22,0
1,1,156,2,40,0
1,0,156,2,61,1
1,1,156,0,28,0
1,0,156,2,24,0
0,0,2330,2,43,0
0,1,2332,2,22,0
1,1,529,0,14,0
1,0,529,2,56,0
2,1,1280,2,35,0
0,0,2327,2,62,0
0,1,2333,2,44,0
0,0,1283,0,32,0
2,0,882,2,26,0
0,0,1207,2,22,0
1,0,2691,0,56,0
1,0,34,2,29,0
0,0,2335,2,21,0
1,0,348,2,34,0
0,1,2331,2,35,0
0,0,1287,2,18,0
0,1,2331,2,23,0
0,0,1287,0,18,0
0,0,1287,2,24,0
0,1,2331,1,19,0
0,0,2331,2,62,0
0,0,1287,2,52,0
0,0,1288,2,37,0
0,0,886,2,21,0
0,1,2337,2,48,0
2,0,531,2,43,0
2,0,869,2,18,0
2,1,1209,2,33,0
2,1,1209,2,33,0
1,0,131,2,29,0
1,1,526,0,66,0
1,0,526,2,41,0
0,0,872,2,17,0
0,0,2334,0,8,0
0,0,1292,0,20,0
0,0,2336,0,25,0
0,1,2338,2,47,0
0,0,1294,1,40,0
2,1,1211,2,26,0
0,0,1213,2,19,0
0,0,1215,1,35,0
0,1,2339,2,0,0
0,0,2339,0,12,0
0,0,2339,1,37,0
0,0,887,2,38,0
0,0,1295,0,34,0
0,0,1296,2,30,0
2,0,1216,0,22,0
2,1,2691,2,23,0
2,1,1297,2,59,0
2,1,1218,2,19,0
2,1,874,2,16,0
0,0,888,2,22,0
1,0,323,2,30,0
1,0,323,0,26,0
0,0,1298,2,18,0
1,0,535,2,29,0
1,0,535,2,32,0
2,1,1220,2,33,0
0,0,2340,2,20,0
1,0,349,0,55,0
2,0,1302,2,41,0
2,1,876,2,22,0
2,0,889,2,61,0
2,1,1303,2,20,0
0,0,2344,2,57,0
0,0,1222,2,17,0
1,0,325,2,60,0
0,1,2342,1,20,0
0,0,1305,0,20,0
0,0,2343,2,40,0
1,0,528,2,28,0
0,0,2346,1,17,0
0,0,1225,2,18,0
1,0,350,0,46,0
0,1,2347,1,29,0
0,0,2350,2,25,0
0,0,2345,2,59,0
1,1,46,0,17,0
1,0,46,2,65,0
2,1,1309,2,32,0
0,0,1310,2,35,0
1,1,893,2,18,0
0,0,1226,0,23,0
0,0,2353,2,27,0
0,1,2353,2,0,0
0,0,2354,2,26,0
0,1,2349,2,38,0
0,0,1312,2,35,0
0,0,894,2,32,0
0,0,2356,1,9,0
0,0,2351,2,11,0
0,0,1314,2,13,0
0,0,2351,2,2,0
0,0,2351,1,12,0
0,0,1314,2,27,0
0,1,2351,1,14,0
0,1,2351,2,37,0
0,1,2351,1,6,0
1,1,329,0,36,0
1,0,329,2,27,0
0,0,2691,2,20,0
0,0,1230,1,24,0
0,0,2358,0,21,0
0,1,2352,0,50,0
0,0,1316,2,18,0
1,1,351,2,34,0
1,1,351,0,22,0
2,1,2691,2,63,0
2,0,1319,2,39,1
2,0,539,2,26,0
2,0,1232,0,27,0
0,1,2691,1,17,0
0,1,2355,1,39,0
0,0,1320,0,26,0
0,1,2357,2,30,0
0,0,1321,2,26,0
2,0,530,0,34,0
0,0,1322,2,24,0
0,0,1323,2,21,0
1,0,330,2,25,0
0,0,1233,0,64,0
0,0,1324,2,40,0
0,0,159,0,28,0
0,0,1325,1,23,0
2,1,880,2,46,0
0,0,1328,0,22,0
0,0,2363,2,0,0
0,0,2363,2,8,0
0,0,1238,2,35,0
1,0,332,2,22,0
1,1,332,2,29,0
0,0,2361,2,25,0
0,0,1330,2,24,0
1,1,354,0,26,0
2,1,1332,2,20,0
0,0,1242,2,40,0
0,0,1242,1,28,0
0,1,2365,2,22,0
0,1,2362,1,23,0
0,0,1333,2,26,0
0,0,2366,2,19,0
2,0,883,2,35,0
0,1,2367,0,41,0
1,1,884,2,37,0
2,0,540,2,44,0
2,0,1337,2,34,0
0,0,2368,2,39,0
2,0,1244,2,27,0
2,0,896,2,32,0
0,1,2370,0,13,0
0,0,2370,0,10,0
2,0,1338,2,28,0
0,1,2364,2,25,0
0,0,2371,2,28,0
0,0,2371,2,27,0
0,0,2691,2,29,0
0,0,2371,0,6,0
0,0,2691,2,2,0
0,1,2371,1,6,0
2,1,1341,2,24,0
1,1,2691,2,31,0
1,1,333,0,35,0
1,1,333,0,13,0
1,0,334,2,64,0
0,0,1344,2,18,0
0,0,1247,2,32,0
0,0,1345,2,21,0
0,1,2375,2,13,0
1,1,134,0,43,0
0,0,2377,2,39,0
0,1,2369,1,26,0
0,0,1251,1,21,0
0,0,1253,2,18,0
0,1,2372,2,27,0
2,0,1255,2,28,0
2,0,1255,2,27,0
2,0,1255,2,29,0
2,0,532,2,20,0
0,0,1348,1,26,0
0,1,2374,1,28,0
2,0,536,0,34,0
2,1,536,2,15,0
0,0,2376,0,24,0
2,1,1350,2,26,0
2,0,542,2,14,0
0,0,897,0,24,0
1,0,336,2,31,0
2,0,537,2,21,0
1,1,135,2,28,0
2,0,1258,2,19,0
2,0,1258,2,50,0
0,1,2379,2,15,0
0,0,1354,0,34,0
0,0,2691,2,35,0
0,1,2378,2,34,0
0,0,2378,2,36,0
1,1,161,2,27,0
2,0,1356,2,30,0
2,0,899,2,34,0
0,0,1259,2,45,0
0,1,2381,2,21,0
0,0,900,2,56,0
0,0,2382,2,21,0
0,0,890,2,28,0
0,0,902,2,38,0
1,1,137,0,34,0
1,0,338,2,33,0
1,1,546,0,34,0
0,0,1358,2,19,0
0,0,1260,2,19,0
0,0,1261,2,17,0
0,0,2380,2,20,0
2,0,538,0,22,0
2,1,538,2,35,0
2,0,1263,2,50,0
2,1,1265,2,19,0
0,0,903,2,23,0
0,0,2385,0,38,0
0,0,1269,2,20,0
0,0,1361,2,31,0
0,1,2383,1,28,0
2,0,1271,2,36,0
2,0,1271,2,27,0
0,0,2388,2,66,0
2,1,1272,2,14,0
1,1,139,0,29,0
1,1,139,0,34,0
1,1,139,0,13,0
0,0,1274,2,47,0
0,1,2384,2,26,0
0,0,1365,2,50,0
1,1,339,0,38,0
0,1,49,0,59,0
0,1,2389,2,43,0
0,1,2390,2,30,0
0,0,2391,1,33,0
0,0,2691,0,33,0
1,0,140,2,42,0
1,1,140,2,17,0
2,0,891,2,18,1
0,0,1369,2,34,0
0,0,1279,2,46,0
0,0,1281,2,35,0
0,0,1371,0,40,0
0,1,2393,2,26,0
0,0,892,2,43,0
0,1,2395,1,41,0
0,0,2392,2,31,0
0,0,2392,2,23,0
0,0,1282,2,25,0
0,0,2394,2,37,0
0,1,2394,1,14,0
0,1,2394,2,3,0
0,1,2396,1,18,0
0,1,2398,2,35,0
0,1,2397,1,19,0
2,1,908,1,39,0
2,0,908,2,48,0
0,0,2400,2,27,0
1,1,340,2,3,0
1,0,340,2,28,0
1,0,340,0,34,0
2,0,1375,2,31,0
1,1,38,0,60,0
0,0,2399,2,45,0
1,0,41,0,48,0
1,0,541,2,21,0
0,0,1284,1,24,0
0,0,1284,2,16,0
0,0,1376,2,19,0
2,0,1285,0,26,0
0,0,1378,2,22,0
0,0,1289,2,33,0
2,0,543,2,44,1
0,1,2401,2,27,0
0,1,2404,1,23,0
1,0,143,0,43,0
1,0,143,2,14,0
1,0,143,0,41,0
0,0,1290,2,20,0
0,0,2405,2,0,0
0,1,2405,2,2,0
0,0,1381,0,22,0
2,1,1291,2,29,0
2,0,545,0,35,0
0,1,2402,2,20,0
0,1,2408,1,16,0
1,0,341,2,38,0
1,1,341,2,35,0
1,0,341,2,19,0
1,0,341,1,25,1
0,0,913,2,32,0
0,0,895,2,24,0
0,1,2403,2,20,0
0,1,2403,2,27,0
0,0,2403,2,18,0
1,1,144,2,31,0
0,1,2411,2,47,0
1,1,145,2,58,0
0,1,2691,1,37,0
0,1,2406,1,35,0
2,1,1383,2,38,0
0,0,2407,2,32,0
1,1,898,0,35,0
1,0,898,2,27,0
0,0,1384,2,61,0
2,0,549,2,72,0
2,0,901,2,30,0
2,1,1385,2,14,0
0,1,2409,2,28,0
0,1,2410,2,20,0
0,1,2414,2,41,0
0,1,2415,2,29,0
1,1,342,2,32,0
0,0,1387,2,33,0
0,0,1388,2,27,0
0,0,1390,0,21,0
0,0,1391,2,21,0
0,0,1299,2,18,0
0,1,2416,0,3,0
0,1,2416,1,0,0
1,0,51,2,41,0
0,0,547,2,57,0
2,1,1393,2,50,0
2,0,1396,2,54,0
0,0,1300,2,49,0
2,0,1301,2,19,0
2,1,1398,2,51,0
2,0,904,2,28,0
0,1,2412,0,5,0
0,0,1400,2,13,0
0,1,2412,1,0,0
0,0,2412,0,8,0
0,1,2412,2,27,0
0,0,1400,1,13,0
0,0,1400,2,47,0
0,1,2412,2,6,0
0,1,2418,2,59,0
0,0,1304,0,20,0
2,1,1306,2,35,0
0,0,1307,2,22,0
2,0,548,0,16,0
2,0,2691,2,18,0
2,1,1402,2,26,0
0,0,2691,2,19,0
2,1,915,0,23,0
0,0,2422,2,21,0
0,0,1405,2,32,0
0,1,1311,1,25,0
0,1,2424,1,50,0
1,0,3263,0,27,0
1,0,3263,0,44,0
1,0,3263,2,47,0
1,0,359,2,58,0
1,1,359,0,27,0
2,1,1313,2,52,0
0,0,1410,2,21,0
0,0,906,2,25,0
0,0,920,1,31,0
0,1,921,2,28,0
0,0,1315,2,42,0
0,1,2426,2,49,0
0,0,2427,2,3,0
0,1,2427,2,5,0
0,0,1317,2,28,0
1,0,44,0,57,0
2,0,907,2,29,0
0,1,2417,2,29,0
1,0,146,2,21,0
1,1,146,0,25,0
1,0,45,0,26,0
1,0,45,0,33,1
1,0,147,0,43,0
1,0,147,0,26,0
1,1,909,2,13,0
2,0,910,2,30,0
2,1,1413,0,8,0
0,1,2419,1,28,0
1,0,362,2,23,0
0,0,1327,2,22,0
2,1,1415,2,36,0
0,0,1329,2,35,0
0,0,2691,2,26,0
1,1,343,2,15,0
1,1,343,0,18,0
1,0,343,2,41,0
2,1,2691,1,41,0
0,0,1331,2,22,0
0,1,2420,0,28,0
0,1,2420,1,0,0
0,0,1418,2,16,0
0,0,911,1,27,0
0,0,2420,0,13,0
0,0,2420,0,1,0
0,0,2420,2,32,0
0,0,1419,2,35,0
0,1,2433,2,40,0
0,0,1334,0,17,0
0,0,1334,1,49,0
0,1,2433,2,21,0
0,1,2421,0,9,0
2,0,1336,2,27,0
1,0,344,2,59,0
0,0,1423,1,25,0
0,0,1339,2,21,0
0,0,1424,2,15,0
1,1,363,0,28,0
0,0,912,2,42,0
0,1,2423,2,22,0
0,0,1340,2,21,0
0,0,1427,2,48,0
0,0,1429,2,24,0
1,1,345,2,47,0
1,1,345,0,13,0
1,0,345,0,32,0
0,0,2425,1,29,0
0,1,2435,2,35,0
2,0,924,2,24,0
2,0,924,2,52,0
0,0,1342,2,21,0
2,1,1430,2,36,0
0,1,2691,2,19,0
1,1,552,2,39,0
0,1,2438,2,59,0
2,1,1431,0,45,0
0,1,2428,1,25,0
2,0,1346,2,64,0
2,0,1347,0,24,0
1,0,925,2,36,0
1,0,925,2,26,0
2,0,927,2,31,0
0,0,1349,2,18,0
0,1,2430,1,21,0
1,0,170,2,34,0
0,0,1432,2,32,0
2,1,1353,2,19,0
0,1,2441,2,18,0
0,0,1433,2,39,0
0,0,2443,0,28,0
0,1,2431,2,19,0
1,1,54,2,16,0
1,0,54,2,24,0
0,1,2446,2,2,0
0,1,2446,2,10,0
0,1,2446,2,2,0
0,0,1355,0,21,0
0,1,2446,1,5,0
0,1,2447,1,29,0
2,0,1357,2,41,0
2,0,1437,0,32,0
2,1,1437,2,23,0
0,1,2432,1,23,0
0,0,929,2,40,0
2,0,1438,2,45,0
0,0,1359,2,30,0
0,0,1360,2,56,0
0,0,2691,2,13,0
0,0,2449,2,19,0
0,1,2449,2,46,0
0,0,2449,2,0,0
0,0,1439,1,60,0
0,1,2434,2,39,0
0,1,2436,1,20,0
0,0,1362,1,64,0
1,0,365,2,34,0
0,1,2437,1,30,0
2,0,554,2,62,0
1,1,173,2,29,0
0,0,1363,2,33,0
0,1,2450,2,31,0
0,0,916,2,51,0
0,0,2452,2,23,0
0,0,919,2,18,0
0,0,919,2,47,0
0,0,1364,2,58,0
1,1,366,2,46,0
2,0,555,2,44,0
0,1,2439,2,19,0
0,0,1444,1,43,0
0,0,1366,2,21,0
2,0,1367,1,29,0
0,0,2440,1,13,0
0,0,2440,1,16,0
0,0,1445,2,25,0
0,0,922,2,19,0
1,0,923,2,29,0
1,0,923,2,35,1
1,0,923,0,56,0
0,0,931,2,20,0
0,1,2442,1,38,0
2,0,1449,2,18,0
2,0,1370,2,26,0
2,1,1370,0,0,0
2,0,1370,2,2,0
0,0,2445,2,36,0
0,0,1372,1,25,0
1,1,151,2,2,0
1,0,151,2,0,0
1,1,151,2,18,0
1,0,151,2,60,0
1,1,151,1,26,0
1,0,151,2,36,0
2,0,933,2,22,0
0,1,2455,0,21,0
0,0,2456,2,37,0
0,1,2448,2,65,0
0,0,2458,2,44,0
1,1,2691,2,31,0
2,0,1450,2,31,0
1,1,175,2,21,0
1,1,175,2,47,0
0,0,935,2,19,0
0,0,1454,2,33,0
1,0,176,2,25,0
1,1,176,2,16,0
1,0,176,2,44,0
1,0,176,2,9,0
0,1,2451,1,15,0
0,1,2459,1,34,0
0,1,2453,0,24,0
0,0,1455,2,39,0
0,0,937,2,27,0
0,1,2454,2,34,0
2,1,1457,2,24,0
1,0,153,2,43,0
0,0,1459,1,41,0
0,1,2462,2,26,0
2,0,926,2,27,0
0,0,2691,2,39,0
0,0,1373,2,34,0
1,1,371,0,33,0
0,1,2457,2,16,0
0,1,2457,2,6,0
2,0,551,0,13,0
0,0,2465,2,50,0
0,0,1374,2,24,0
0,0,2466,2,18,0
0,0,1460,2,24,0
0,1,2460,1,16,0
0,0,1461,1,22,0
2,0,1462,2,13,0
2,1,1462,0,29,0
0,0,2461,2,30,0
1,1,372,2,25,0
1,1,372,2,23,0
1,1,372,0,28,0
0,1,2464,1,37,0
0,0,928,2,21,0
1,0,177,2,54,0
1,1,177,0,21,0
0,0,2691,2,36,0
1,1,155,2,21,0
0,1,2467,1,21,0
0,0,1464,2,23,0
0,0,2469,1,40,0
0,0,2691,2,18,0
0,0,938,2,25,0
2,0,1377,2,24,0
1,0,930,2,37,0
1,0,940,2,25,0
0,0,2691,2,24,0
0,1,2473,2,3,0
0,1,2468,2,2,0
0,0,2468,2,22,0
0,0,1379,2,24,0
0,0,1379,0,17,0
0,1,2474,2,53,0
0,0,1380,2,23,0
0,0,1382,0,29,0
2,1,1466,2,21,0
0,0,1466,2,22,0
0,0,2470,2,2,0
0,0,1467,2,28,0
0,0,2470,2,20,0
0,1,2471,2,14,0
0,0,1468,1,26,0
0,1,2476,2,23,0
0,0,2472,2,21,0
0,0,1474,2,20,0
0,0,1476,2,19,0
1,1,553,2,29,0
0,1,2479,2,58,0
0,1,2479,0,13,0
0,0,1386,2,32,0
0,1,2479,0,23,0
1,1,180,0,38,0
1,0,180,0,47,0
1,0,180,2,38,0
1,0,180,0,47,0
0,1,2482,0,20,0
0,1,2483,0,32,0
1,1,352,2,42,0
1,0,352,2,34,0
0,0,1479,2,60,0
2,1,1389,2,30,0
0,1,1389,2,11,0
2,1,942,2,45,0
1,1,353,0,39,1
0,0,1481,2,19,0
0,0,1483,2,18,0
0,0,1392,1,34,0
0,1,2485,2,28,0
0,0,932,0,30,0
1,1,376,2,48,0
0,1,376,0,38,0
1,0,2691,2,33,0
1,1,376,0,47,0
2,0,1484,2,29,0
2,1,1484,2,8,0
2,1,1484,2,47,0
2,0,934,2,26,1
2,1,1485,0,13,0
0,0,1394,2,18,0
2,0,1395,2,27,0
1,0,559,2,27,0
1,0,157,2,30,0
1,0,157,2,25,0
2,0,561,2,26,0
0,0,1397,2,20,0
1,0,943,2,52,0
0,1,2475,2,3,0
0,0,2475,2,6,0
0,0,2475,2,0,0
0,0,1487,2,22,0
0,1,2475,2,1,0
0,0,1489,2,44,0
0,1,2478,1,18,0
0,0,1399,2,20,0
0,0,936,2,29,0
0,0,1490,2,28,0
1,1,48,0,39,0
0,1,2480,2,11,0
0,1,2480,1,2,0
0,0,1491,2,15,0
0,1,2480,2,32,0
0,0,1491,1,15,0
0,0,2480,2,1,0
0,0,1491,2,20,0
1,1,55,0,25,0
1,0,55,2,32,1
1,1,944,0,32,0
0,0,1492,2,18,0
0,0,1494,2,49,0
0,0,2487,0,2,0
0,0,1401,2,13,0
2,0,1496,2,28,0
2,0,1496,1,56,0
0,0,1403,2,27,0
0,1,2488,2,34,0
1,1,158,2,28,0
0,0,2481,2,31,0
2,0,1498,2,24,0
0,1,2489,2,8,0
0,0,2490,2,20,0
0,0,1404,1,63,0
0,0,2490,0,0,0
0,0,939,2,13,0
2,0,1406,2,1,0
2,0,1406,2,13,0
2,0,1406,2,2,0
0,1,2484,2,18,0
2,1,1500,2,30,0
1,1,185,0,35,0
2,0,1501,0,28,0
2,1,1502,2,28,0
0,0,2495,2,48,0
1,1,355,2,34,0
0,0,1407,2,16,0
0,0,1408,1,24,0
0,0,186,2,53,0
0,0,1409,2,24,0
2,1,1505,2,32,0
0,1,2496,0,15,0
0,0,2486,1,24,0
0,0,1507,2,35,0
1,0,356,2,42,0
0,0,1508,1,18,0
0,0,1509,2,15,0
2,0,1510,2,37,0
2,1,946,2,35,0
0,1,2498,2,34,0
0,1,2501,0,21,0
0,0,1514,2,14,0
2,0,1411,2,16,0
0,0,1412,0,23,0
1,0,380,2,53,0
1,1,188,2,18,0
0,0,1516,2,16,0
1,1,564,2,34,0
0,1,2492,2,13,0
0,0,1414,1,25,0
0,0,2691,2,43,0
2,0,1416,2,39,0
0,0,1517,0,19,0
2,0,1417,2,21,0
0,1,2493,2,20,0
0,0,1519,1,16,0
0,0,2494,2,9,0
0,0,1420,2,18,0
0,0,1421,0,23,0
0,0,1425,2,36,0
0,0,1426,2,30,0
0,0,1428,2,46,0
0,0,949,2,22,0
0,1,2503,2,1,0
0,1,2503,2,21,0
0,1,2503,2,24,0
0,0,2504,2,51,0
0,1,2497,2,26,0
1,0,57,0,35,0
0,0,2506,1,22,0
1,1,189,0,30,0
1,1,189,2,28,0
1,1,189,0,33,0
1,0,189,2,56,0
1,1,189,0,32,0
2,0,953,2,39,0
0,0,1525,2,25,0
0,0,945,2,25,0
0,0,2500,2,34,0
0,0,947,2,28,0
0,0,1526,0,18,0
0,0,2508,2,18,0
0,0,2691,2,23,0
0,1,2502,1,21,0
2,1,954,2,47,0
0,0,1529,2,18,0
0,0,1434,2,43,0
0,1,2510,2,18,0
1,0,358,2,25,0
0,1,2511,0,30,0
2,0,1530,2,21,0
2,0,1530,2,24,0
2,0,1530,0,20,0
1,1,190,0,30,0
1,1,191,2,58,0
0,0,1435,1,36,0
1,1,384,2,27,0
1,0,160,2,33,1
1,0,192,2,55,0
1,1,192,0,24,0
0,0,2507,0,17,0
0,0,957,2,19,0
0,1,2509,1,25,0
0,0,948,2,22,0
0,1,2512,2,16,0
0,0,1532,2,36,0
0,0,1534,2,40,0
0,0,1536,2,21,0
0,0,951,0,24,0
2,0,952,2,26,0
1,1,50,2,30,0
1,0,50,0,27,0
0,1,2513,2,24,0
1,1,387,2,23,0
1,1,387,0,55,0
1,1,387,0,47,0
1,1,387,0,31,0
1,1,387,2,40,0
0,0,1441,2,19,0
0,0,1538,2,18,0
0,0,1442,0,48,0
0,0,2514,2,15,0
0,0,1443,2,47,0
0,0,963,2,21,0
0,1,2515,2,18,0
0,0,955,2,20,0
2,1,964,2,20,0
2,0,2691,2,19,0
2,1,964,2,22,0
0,1,2519,2,16,0
2,0,1446,2,26,0
2,0,965,2,27,0
0,0,1542,0,17,0
0,0,1447,2,24,0
0,1,2521,1,55,0
0,1,2521,2,7,0
0,0,2521,2,28,0
0,0,2516,2,29,0
0,0,966,0,31,0
0,0,2520,2,44,0
2,0,1544,2,26,0
2,0,1448,2,3,0
2,1,1448,2,21,0
2,0,1448,0,0,0
0,0,2522,0,40,0
0,0,956,2,25,0
0,0,2691,2,2,0
0,0,2691,2,28,0
1,1,162,0,14,0
0,0,1451,2,30,0
0,0,2525,2,21,0
0,0,1547,0,30,0
0,0,556,2,39,0
0,0,1452,2,43,0
0,0,1452,2,22,0
0,1,2523,0,18,0
2,1,1453,2,35,0
0,1,2524,2,21,0
0,0,968,2,23,0
0,1,2526,0,15,0
1,1,194,0,37,0
1,0,194,0,58,0
2,1,1548,2,28,0
2,0,969,2,21,0
0,0,2528,2,0,0
0,0,1550,2,15,0
2,0,567,2,38,0
2,0,1552,2,26,0
1,0,360,2,47,0
1,0,360,0,26,0
1,1,360,0,56,0
1,1,360,2,18,0
0,0,1553,2,21,0
0,1,2527,1,18,0
1,0,390,2,44,0
1,1,390,1,39,0
1,1,390,0,54,0
1,1,390,0,23,0
1,0,195,2,26,0
0,0,1556,2,22,0
0,0,1458,2,25,0
0,1,2531,1,49,0
2,1,971,2,46,0
0,0,958,2,17,0
0,0,2529,2,23,0
0,0,2530,2,18,0
0,0,1558,2,23,0
0,0,959,2,38,0
1,0,361,2,32,0
1,1,165,2,18,0
2,1,962,2,24,0
1,0,166,2,37,0
1,1,166,0,41,0
1,1,557,2,31,0
0,0,1463,2,28,0
1,1,167,0,40,0
1,0,196,2,48,0
0,1,2533,0,41,0
0,1,2533,2,36,0
0,0,2535,2,11,0
0,0,1465,2,19,0
0,0,2536,2,20,0
0,0,1561,2,29,0
2,0,558,2,26,0
0,1,2534,2,24,0
0,0,2537,2,28,0
2,0,560,2,28,0
0,1,2538,2,13,0
0,0,975,2,28,0
0,0,1471,1,19,0
2,1,1567,2,32,0
0,1,2540,0,23,0
0,0,977,2,18,0
2,1,1472,2,25,0
0,0,1569,1,19,0
0,0,1571,0,24,0
2,0,1573,2,29,0
0,1,2541,2,43,0
0,1,2539,1,3,0
0,0,2539,0,4,0
0,0,2539,2,2,0
0,0,978,2,24,0
0,0,1473,2,27,0
1,1,393,0,37,0
1,0,393,0,44,0
0,0,1475,2,21,0
1,0,364,2,27,0
0,0,980,0,49,0
2,0,562,2,27,0
1,1,367,0,63,0
0,0,2543,2,28,0
0,1,2544,0,33,0
0,0,1575,2,21,0
0,0,1477,2,24,0
0,0,1576,2,26,0
0,0,2548,0,27,0
2,1,983,2,21,0
0,0,2549,2,56,0
0,0,1577,0,31,0
1,1,169,2,47,0
2,1,1478,2,24,0
0,0,2550,1,18,0
1,1,369,2,42,0
2,0,1579,2,31,0
2,0,563,2,22,0
2,0,1480,2,24,0
2,1,1480,0,20,0
0,0,967,2,51,0
0,0,2552,2,19,0
0,0,1482,2,17,0
0,0,2553,2,23,0
0,0,1580,2,14,0
0,1,2555,1,18,0
1,1,370,2,42,0
0,0,1486,1,39,0
0,1,2547,2,37,0
0,1,2556,2,27,0
1,1,571,2,26,0
0,0,1583,2,49,0
1,0,573,0,32,1
0,1,2551,2,34,0
0,0,2554,2,13,0
0,0,1488,1,21,0
1,0,52,2,55,0
1,1,171,0,61,0
1,0,565,2,24,0
0,1,2557,2,25,0
0,1,2560,2,0,0
0,1,2560,2,38,0
2,1,970,2,30,0
0,0,1584,2,15,0
0,1,2562,2,21,0
0,0,1495,0,56,0
1,0,397,0,51,0
2,0,1497,2,26,0
2,0,566,2,50,0
2,0,1499,2,22,0
0,0,2691,2,25,0
0,0,2567,0,37,0
0,1,2558,2,17,0
1,1,172,0,38,0
0,1,2559,1,33,0
0,0,1503,2,24,0
0,0,2561,2,21,0
1,1,398,2,37,0
2,1,1506,2,49,0
1,0,401,0,42,0
2,1,1589,2,33,0
0,0,984,2,25,0
2,0,1590,2,27,0
2,1,1590,2,1,0
2,0,1590,2,20,0
1,1,197,2,20,0
1,1,197,0,51,0
1,1,197,2,33,0
0,0,1591,1,45,0
1,0,373,0,25,0
0,0,2691,2,21,0
2,1,1511,2,22,0
0,1,2563,2,27,0
0,0,1512,2,33,0
0,0,2572,1,24,0
0,0,1594,2,38,0
0,0,1596,2,18,0
1,0,174,0,63,0
1,0,174,0,26,1
1,0,174,2,29,0
0,1,2576,1,24,0
0,0,972,0,51,0
2,0,973,2,25,1
2,0,568,2,41,0
0,0,1598,0,20,0
0,0,1515,2,22,0
1,1,198,0,15,0
1,0,199,0,28,0
1,1,199,0,19,0
0,0,974,2,28,0
0,0,976,2,18,0
1,0,200,0,31,0
1,0,200,0,26,0
1,0,200,0,9,0
1,1,200,0,42,0
1,0,200,2,32,0
0,1,2578,1,22,0
0,0,2564,2,51,0
1,0,569,2,31,0
1,0,569,2,44,0
1,1,402,2,36,0
2,1,1601,2,29,0
2,0,1601,2,36,1
2,0,1601,2,9,0
0,0,989,2,16,0
0,1,2565,1,18,0
2,0,991,2,51,0
2,0,1520,1,30,0
0,0,979,1,44,0
0,0,1521,1,22,0
0,1,2566,2,39,0
0,0,2566,1,18,0
1,1,374,2,34,0
1,1,374,2,25,0
1,1,374,2,25,0
0,0,1522,0,16,0
0,1,2568,1,41,0
0,0,1604,2,28,0
0,1,2569,2,15,0
2,0,1523,2,49,0
0,0,1524,2,43,0
0,0,981,2,28,0
0,0,1605,2,18,0
0,1,2570,0,14,0
0,1,2570,2,40,0
0,0,2588,2,28,0
0,0,2588,2,34,0
0,0,992,2,22,0
1,1,577,2,41,0
0,0,1608,2,19,0
0,0,1528,2,33,0
0,1,2590,2,19,0
2,0,1610,0,24,0
2,1,1610,2,3,0
2,1,1610,2,19,0
2,1,2691,2,19,0
2,0,1611,2,45,0
0,1,2571,1,29,0
0,1,2571,2,54,0
0,0,2571,0,1,0
2,0,579,2,18,1
2,1,1614,0,24,0
2,0,1614,0,18,0
2,1,1614,2,19,0
0,0,1531,2,22,0
1,0,403,2,48,0
1,0,570,0,39,0
2,0,1533,2,40,0
2,1,1533,2,34,0
0,0,2592,2,0,0
0,0,2592,2,25,0
0,1,2573,2,3,0
0,0,994,2,24,0
2,1,1535,2,39,0
0,1,2574,1,55,0
1,0,582,0,24,0
2,0,2691,2,28,0
0,0,1618,2,27,0
0,0,2577,2,19,0
0,0,1619,2,27,0
0,1,2579,1,24,0
0,1,2580,1,31,0
2,0,1620,2,52,0
1,0,583,2,28,0
2,0,572,2,58,0
2,1,1537,2,16,0
0,0,2594,2,36,0
0,0,1622,2,23,0
0,0,53,0,25,0
1,1,53,2,21,0
0,1,2581,2,22,0
0,0,2582,2,20,0
0,0,1539,2,56,0
0,0,2583,2,4,0
1,0,405,2,36,0
1,1,405,2,47,0
2,0,574,2,24,0
2,0,995,2,30,0
0,1,2595,0,21,0
0,0,1540,2,52,0
0,1,2596,2,18,0
0,0,1624,2,53,0
0,1,2584,2,62,0
0,0,2585,2,9,0
0,1,2585,1,2,0
0,1,2585,2,28,0
0,0,1543,2,23,0
2,0,1545,2,28,0
0,0,1546,2,59,0
0,1,2586,1,23,0
0,0,1546,1,20,0
0,0,2586,2,24,0
0,0,997,2,48,0
0,0,1546,2,25,0
0,1,2586,1,37,0
0,0,1546,2,40,0
0,1,2597,0,17,0
0,0,1625,2,17,0
0,0,1549,2,21,0
2,0,985,2,50,0
0,1,2599,1,38,0
0,0,1627,2,39,0
0,0,2599,0,0,0
0,1,2587,2,32,0
2,0,1551,2,39,0
0,0,1629,2,13,0
0,0,1632,1,18,0
0,1,2589,2,31,0
0,0,2589,0,5,0
0,0,2589,2,47,0
1,0,986,0,43,0
1,0,986,2,27,0
1,0,986,2,27,0
1,1,999,0,31,0
1,1,999,0,26,0
0,0,2600,2,22,0
0,1,406,0,25,0
0,0,1634,1,20,0
1,1,203,0,23,0
0,1,2591,2,19,0
2,1,1635,2,27,0
2,1,1635,2,8,0
2,0,1554,2,66,0
0,0,1637,2,17,0
0,0,1555,2,41,0
0,1,2593,2,14,0
0,0,2601,2,53,0
0,1,2603,1,13,0
0,0,990,2,19,0
0,0,1557,2,19,0
0,0,1559,2,14,0
0,0,1560,2,18,0
2,0,1642,2,25,0
0,1,2606,2,16,0
0,1,2606,2,6,0
2,1,1562,2,22,0
0,0,2609,1,3,0
0,0,1644,2,19,0
0,1,2609,2,23,0
0,0,1564,2,26,0
0,0,1565,2,23,0
0,0,1645,2,25,0
0,0,1566,1,20,0
0,0,1568,0,29,0
0,0,1648,2,26,0
0,1,2612,2,19,0
0,1,2602,2,28,0
0,0,1649,2,21,0
1,0,578,2,25,0
1,0,578,2,27,1
1,0,578,2,54,0
0,1,2604,0,9,0
0,0,1570,2,24,0
0,1,2614,2,22,0
1,0,580,2,42,0
1,0,993,2,35,0
0,1,2616,2,6,0
2,0,1574,2,39,0
2,0,581,2,24,0
1,1,377,0,21,0
1,0,377,0,48,0
1,1,377,2,24,0
0,1,2607,1,25,0
0,0,2608,0,29,0
0,1,2610,1,52,0
1,0,378,0,43,0
2,0,1651,0,20,0
0,0,2619,0,19,0
0,0,2611,2,20,0
2,0,1653,2,48,1
1,0,178,0,29,0
1,1,178,0,46,0
0,1,2620,2,18,0
0,0,2621,0,36,0
2,0,1656,2,22,0
0,1,2613,2,7,0
2,1,1658,2,38,0
1,0,379,0,44,0
1,0,1001,0,24,0
2,1,1662,2,42,0
0,1,2622,2,35,0
0,0,1581,2,33,0
0,0,996,0,22,0
0,0,998,2,35,0
0,0,2623,2,21,0
0,1,2615,1,19,0
2,1,1582,2,34,0
2,0,1002,2,52,0
2,0,587,2,18,0
2,0,1663,2,28,0
1,0,179,2,32,0
1,0,1004,2,36,0
1,0,1004,0,55,0
2,0,589,2,65,0
0,0,2625,2,29,0
0,0,1664,2,18,0
0,0,2625,1,0,0
2,0,1585,2,35,0
1,0,204,0,37,0
1,0,204,2,13,0
0,0,1006,2,15,0
0,0,2618,0,33,0
0,0,1586,2,28,0
0,1,591,2,40,0
0,0,1007,2,36,0
2,1,1665,2,33,0
2,1,1665,2,4,0
0,0,1587,2,20,0
0,0,1667,1,23,0
2,0,1588,2,24,0
1,0,381,0,18,0
1,1,381,1,25,0
1,1,381,0,26,0
1,0,381,2,52,0
1,1,381,2,47,0
0,0,1668,0,24,0
0,1,2626,2,3,0
0,0,2626,2,9,0
0,0,2626,2,2,0
0,0,2626,2,19,0
0,0,2626,1,12,0
0,1,2628,0,21,0
2,1,1669,2,20,0
2,1,1669,2,63,0
2,1,1669,2,15,0
2,0,1669,2,25,0
2,0,1669,2,13,0
2,0,1592,2,45,1
0,1,2629,2,17,0
0,0,2627,0,18,0
0,0,1595,2,40,0
0,0,2630,0,40,0
1,0,1,2,65,0
1,0,1,0,45,0
1,0,407,2,34,0
1,0,407,2,37,0
0,1,2632,2,13,0
0,1,2631,0,16,0
2,0,1011,2,16,0
0,1,2633,0,13,0
2,0,584,2,19,0
0,0,1671,1,54,0
2,1,1597,2,13,0
2,0,1597,2,40,0
1,0,56,2,25,0
1,0,56,2,36,0
1,1,56,0,58,0
1,0,408,2,2,0
1,0,408,2,32,0
1,1,408,2,32,0
1,1,383,2,28,0
1,1,383,2,54,0
0,1,2634,2,21,0
0,0,1013,2,46,0
2,1,1000,0,43,0
0,0,1600,2,18,0
1,1,385,0,26,0
1,1,385,0,15,0
1,1,386,2,39,0
1,0,386,2,41,0
0,0,1015,2,39,0
0,1,2635,1,19,0
0,0,1673,2,13,0
2,0,594,2,43,1
0,1,2638,1,33,0
0,1,2640,2,39,0
0,1,2640,2,1,0
0,0,2640,0,5,0
0,0,2691,2,23,0
0,0,2642,2,41,0
0,1,2643,2,39,0
0,1,2637,2,26,0
1,1,181,2,25,0
1,1,409,0,35,0
1,1,388,2,3,0
1,0,388,2,1,0
1,1,388,0,13,0
1,0,388,2,41,0
1,1,388,2,36,0
1,0,388,2,27,0
1,0,389,2,40,0
0,0,1602,2,59,0
2,0,1603,1,25,0
2,0,1003,2,22,0
1,0,1005,0,32,0
0,0,1606,2,22,0
2,0,1016,2,55,1
0,0,1609,2,22,0
1,1,410,1,33,0
0,0,1674,2,57,0
0,0,2645,2,26,0
1,0,182,0,28,0
0,0,1675,2,23,0
0,0,1612,2,62,0
0,0,2639,2,45,0
0,1,2649,2,23,0
0,0,2641,2,0,0
0,0,2641,2,21,0
0,1,2641,2,0,0
0,0,1613,2,23,0
1,1,2691,2,25,0
2,0,588,2,32,0
1,0,184,2,46,0
1,1,392,0,28,0
2,0,1615,1,39,1
2,0,590,2,18,0
2,0,590,0,22,0
2,1,590,2,23,0
2,0,590,2,22,0
2,0,590,2,73,0
2,1,590,2,17,0
2,1,590,2,20,0
0,0,2691,2,15,0
0,1,2652,2,55,0
0,0,1676,2,42,0
2,0,1677,2,39,0
2,1,1677,2,8,0
2,0,596,2,38,0
0,0,2644,2,17,0
0,0,2646,2,13,0
0,1,2647,2,28,0
1,0,206,0,22,0
1,0,206,0,64,0
1,0,206,0,30,1
1,1,206,0,28,0
1,0,206,0,28,0
0,1,2648,2,39,0
0,0,1621,2,31,0
0,1,1621,2,24,0
0,1,1621,2,0,0
0,0,2650,2,42,0
0,1,2650,2,0,0
0,0,1623,2,43,0
0,1,2651,2,40,0
0,1,2658,2,23,0
0,0,2659,2,54,0
0,0,1678,2,18,0
2,0,1680,2,20,0
2,0,1008,2,24,0
0,0,1681,2,18,0
0,1,2662,2,18,0
0,0,2664,2,47,0
1,1,187,0,25,0
1,0,187,2,28,1
0,1,2653,0,8,0
0,0,1682,1,59,0
1,0,597,2,51,0
2,0,2691,2,38,0
0,0,1683,2,26,0
0,1,2691,2,65,0
1,1,207,0,36,0
2,1,1626,2,28,0
0,0,2654,2,14,0
0,1,2654,2,9,0
0,0,2691,2,20,0
0,0,1628,2,19,0
0,0,2666,0,20,0
2,1,1684,2,34,0
2,1,1010,2,27,0
0,1,2655,2,22,0
0,0,1630,1,15,0
2,0,1686,2,28,0
0,0,1022,0,28,0
0,0,2656,2,19,0
2,1,1687,2,33,0
0,0,1688,2,29,0
1,0,2,2,48,0
0,0,2667,2,31,0
0,1,2657,2,29,0
0,1,2657,1,24,0
1,0,1012,2,19,0
2,1,1633,2,33,0
0,1,2669,2,29,0
0,1,2670,2,38,0
2,1,1636,2,19,0
0,0,1014,2,44,0
2,1,1689,2,20,0
2,1,1638,2,53,0
0,1,2672,2,27,0
0,0,2673,1,23,0
1,0,2691,2,41,0
0,0,2663,2,28,0
0,0,1639,0,18,0
0,0,2663,2,18,0
0,0,1690,2,52,0
2,0,600,2,28,0
2,1,1690,0,15,0
0,1,2674,2,28,0
0,0,2675,2,15,0
0,1,2665,2,16,0
1,0,394,2,17,0
1,0,394,2,48,0
1,1,394,2,26,0
1,1,394,2,34,0
1,1,601,2,25,0
1,0,601,2,29,0
1,0,601,2,36,0
1,1,3,0,62,0
1,0,395,2,29,0
1,1,396,0,19,0
1,1,396,0,28,0
0,0,1643,2,14,0
2,0,1017,2,40,0
2,0,1691,2,30,0
0,1,2671,2,41,0
1,0,592,2,31,0
0,0,1019,1,17,0
0,0,1647,2,25,0
1,0,208,2,27,0
1,0,208,2,47,0
1,0,208,0,32,0
1,0,413,2,18,0
0,0,1693,0,33,0
0,0,1694,2,19,0
0,0,1695,2,13,0
0,1,2677,2,40,0
1,0,414,2,32,0
1,1,58,2,42,0
0,0,1696,2,22,0
2,1,2691,2,24,0
2,1,2691,2,17,0
0,0,1697,2,21,0
2,0,1025,2,24,0
0,0,2681,2,41,0
0,0,1652,2,13,0
0,0,2683,2,10,0
0,1,2683,0,3,0
0,1,2683,2,16,0
0,0,2683,2,26,0
0,1,2691,2,14,0
0,0,2683,0,0,0
0,0,1698,2,32,0
0,0,1020,2,15,0
1,0,1021,2,35,0
0,0,1654,2,20,0
0,0,2676,2,21,0
2,0,1655,2,32,0
1,1,1023,2,29,0
0,1,2684,0,3,0
0,0,1657,0,20,0
0,1,2678,2,43,0
2,0,593,2,43,0
0,0,1659,2,40,0
0,1,2679,2,34,0
0,0,2691,2,42,0
2,1,602,0,28,0
1,0,603,2,28,0
0,1,2680,1,43,0
